<?xml version="1.0" encoding="UTF-8"?>
<?xml-model href="http://www.tei-c.org/release/xml/tei/custom/schema/relaxng/tei_corpus.rng" type="application/xml" schematypens="http://relaxng.org/ns/structure/1.0"?>
<?xml-model href="http://www.tei-c.org/release/xml/tei/custom/schema/relaxng/tei_corpus.rng" type="application/xml"
	schematypens="http://purl.oclc.org/dsdl/schematron"?>
<teiCorpus xmlns="http://www.tei-c.org/ns/1.0">
     <teiHeader>
         <fileDesc>
             <titleStmt>
                 <title>title of corpus</title>
                 <author>author</author>
             </titleStmt>
	        <publicationStmt>
	           <p>Publication Information</p>
	        </publicationStmt>
	        <sourceDesc>
	           <p>פרוייקט בן יהודה</p>
	         	        </sourceDesc>
         </fileDesc>
     </teiHeader>  <TEI xml:id="Letter1Avital">
         <teiHeader>
             <fileDesc>                 
                 <titleStmt>
                     <title><!-- ... --></title>
                     <author><!-- ... --></author>
                 </titleStmt>
                 <publicationStmt>
                     <p><!-- ... --></p>
                 </publicationStmt>
                 <sourceDesc>
                     <p><!-- ... --></p>
                 </sourceDesc>
             </fileDesc>
             <profileDesc>
                 <correspDesc xml:id="message1">
                     <correspAction type="sent">
                         <persName>אבשלום פיינברג</persName>
                         <placeName>[חדרה]</placeName>
                         <date when="1911-03-01">1.3.1911</date>
                     </correspAction>
                     <correspAction type="received">
                         <persName xml:id="JTH">רבקה אהרונסון</persName>
                         <placeName>זכרון יעקב</placeName>
                     </correspAction>
                     
                 </correspDesc>
                 
             </profileDesc>
         </teiHeader>
         <text>
             <body>
                 <div>
                    <opener>  
                        <dateline>
                            <date>  1 למרץ, 1911 </date>
                        </dateline>
                    </opener>
                         
                      <p> נשוחח קצת, רבקה? אני משער כי ברגע הזה – 9.30 – הינך יושבת בחדר-האוכל ותחת אורה השקט של המנורה המזהיבה את שערותיך הינך קוראת איזה דבר. שני הנחשים הקטנים המתפתלים על רקותיך תלויים שקטים ושלווים, מצחך מורכן, ועיניך בולעות. מה מביעות עיניך אינני יודע יען כי אינני רואה אותן, הן מושפלות.
                         
                         או תמונה אחרת. אחיך א. איננו. שרה איננה. שם 1אצל כלתו. אמא בממלכת המטבח, אבא עסוק. ולבדך על הטלטלה [הנדנדה], הינך חושבת, רגלך הקטנה על הרצפה מכה לפי קצב מחשבתך, מה שקוראים במוסיקה: battre la mesure. רגע, שקטה, את חושבת והכל שליו, ורגע יהמו שׂרעפיך. והרגל הקטנה תוּק, תוּק, והטלטלה הלוך-ושוב, והנחשים הקטנים מתפתלים, מרקדים. והמבט תובע, ושוב שקט.
                         
                         ואולי… אולי בתוך הסביבה הבּנלית של מסיבה “ידידותית”… הינך סובבת עם כוסות התה, לוקחת חלק בשיחה, מפטפטת ומשחקת, משוחחת ושוכחת.
                         
                         ואולי, ואולי… ועוד אלף אולי.
                         
                         
                         ***
                         
                         ואני… לילה בחדר שלַנתן בו, את ואחותך, בפעם היחידה כשהייתן פה. הנני עוד יותר מאשר לבדי. והנני חושב במרירות שאין בה לא תלונה ולא מרד כי אם רק צער עמוק, כי סביב לי יש בתים ובבתים בריאוֹת ולכל בריאה נשמה. וברגע הזה כל-כך נחוץ לי לברוח מעצמי וכי כל-כך טוב היה לוּ היתה נשמה לבושה עיניים ואזניים אל מי לדבר. וכי לא בבּית ולא בבית הסמוך ולא בבּית האחרון יש נשמה כזאת, אף שכּולם או רובּם של האנשים סובלים, עמלים, אוהבים ומקווים כמוני, באיזה אופן שיהיה, וכי עייפים יושבים הם או שוכבים במיטותיהם, עייפים לא רק מעמל היום כי אם גם מתלאות החיים, לא רק נואשים מחסרון לחם כי אם גם צמאים לאושר ולנחמה, ובכל-זאת…
                         
                         ותמונות חולפות לנגד עיני. הנני רואה לנגד עיני תיאטרון מלא מפה-לפה, את ה- Ch â telet מפאריס. על הבמה עומד המנצח אדוארד קולון (הוא כבר מת…), סביבו עומדים מנגניו ומשורריו. ואני רואה על-פי התנועה של ידו כי עוד מעט יתחילו; ואני יודע כי הם ישירו את הדבר היותר יפה של המנגן היותר גדול, את הסימפוניה התשיעית של בטהובן. ואני שומע כבר את הפּרלוֹד של הכינורות, ש ש ש, הנה, עוד רגע, ואני רואה את פני המשוררות והמשוררים, ומפיהם אני מעתיק מלה-במלה את ה- Ode à la joie [“מזמור לשמחה”, מן הסימפוניה התשיעית לבטהובן] של אלוהי השירה:
                         
                         O fr ères ces sons m'at tr istent,
                         F ai te s que la joie en n ou s descende!
                         
                         O joie desc en ds surnous! O j oi e!
                         
                         Fille de l a vi eille Empir ée
                         
                         Fla mme p ri se au front d es d ie ux
                         
                         Nous entrons l' âme ins pi r ée
                         
                         D an s ton tem pl e gl orieux.
                         
                         T on m agique attrait r es serre
                         
                         Quand le monde en va in d étruit
                         
                         L’homme pour to ut homme es t unfr ère
                         
                         Quand ton chaste amour les unit.
                         
                         Si le ciel comblant ton âme
                         
                         D’un ami t’a fa it l 'ami,
                         
                         S’il te donne un coeur de f emme
                         
                         Suis nos pas au seuil b éni.
                         
                         Viens si t u n’ai ma s qu 'une heure
                         
                         Qu’un seul être sous les cieux,
                         
                         Vous que n ul a mo ur n’effleure
                         
                         En pleurant fuyez ces li e ux.
                         
                         ואני מקשיב, ובלבי שוטפים געגועי-נצח…
                         
                         
                         ***
                         
                         ושוב מנקרות מחשבות במוחי: יושבת אַת על ההר רק חמישה-עשר קילומטר מפּה, ובכל-זאת אי-אפשר מוחלט הוא למעני לדעת מה את עושה ברגע הזה. לדעת בדיוק, לראות ולהרגיש.
                         
                         יוכל להיות כי בעוד שנה או שנתיים ימציא איזה איש מכונה אשר על-ידה ועל-פי חוקי פיסיקה פשוטים יהיה אפשר לראות ולשוחח את אנשים שיהיו רחוקים אלפי קילומטר איש מרעהו. והלב והרצון שאנו כה מגדלים אותם אינם יכולים כלום וכלום. עיורים אנו כחולד החופר באפלה, עיורים אין-אונים.
                         
                         וחושב אני: הנה בידי השמאלית אני מלטף את אקדחי, ולוּ רציתי אז בעוד רגע ועוד פחות הייתי שׂם כדור ברקתי. ובעת שלדָה כלבּתנו היתה נכנסת אל החדר ומיללת סביב הדם, בעת שפַטמה המשרתת הכושית היתה בוכה וגוזזת שערה, בעת שדמי היה נוזל ארצה, מאדים את האדמה, בעת החיים בי היו כבים לנצח, בעת שמחשבתי היתה מתאפלת, ברגע זה:
                         
                         היתה יושבת צלה בחדרה ומכינה בשקידה ובשלוה את שיעוריה.
                         
                         היה מתפלל ידידי ז’ק2 לפני צלבו, ושוכב לישון שנת-ישרים.
                         
                         היתה מעבירה מַשַה אצבעותיה על מיתרי כינורה ומנגנת ומנגנת.
                         
                         היית קוראת הלאה בספרך אודות איזה גיבור-רומן.
                         
                         היתה מטיילת שׂרה שקטה ושאננה בחיפה.
                         
                         ואף אחד מאלה ועוד אחרים לא היה נד עפעף, לא היה מרגיש לחץ בלב, לא היה חושב רגע.
                         
                         וכשהיה הדבר נודע –
                         
                         בזכרון, הייתי כבר מת,
                         
                         ביפו ובחיפה, הייתי כבר קבור,
                         
                         בצוריך ובפאריס, הייתי כבר רקוב, אכול רימה.
                         
                         והצער היה בא, רק אחרי זמן, כשהייתי כבר או דומם או דומן. והיו שמים אז אנשים פני חיים ומחשבה על דבר קר, מת, שרוף…
                         
                         
                         ***
                         
                         לבּנו אין-אונים, חיינו בלי הווה. בין שני רגעים חיים אנו. שם האחד: עבר, שם השני: עתיד.
                         
                         שתי תקופות במחשבתנו: זכרון ותקוה.
                         
                         שתי תקופות בלבבנו: שמחה וגעגועים.
                         
                         ולי נדמה כי רק השמחה ואחיותיה, האהבה והידידות, הן רגשות שיש בהם הווה וממשיות.
                         
                         
                         ***
                         
                         ושיטתי הצליחה…
                         
                         בלבי אמרתי: שתי ילדות מדורי, מארצי, משפתי, מי יודע כמה זמן אפגשן? למה לנו לארוב, לחטוף מבט, לקלוט מלה, לגנוב מחשבה, לאבד זמן ב“הכנות”, לעשות טקסים? נלך ישר, נלך מהר.
                         
                         הנה על כן שני חדשים אחרי המחשבות האלה הנני כותב אליך ככה. והנני חושב: ולמה לי כל אלה?! למען לגרום לי צער וגעגועים! והלא גם זה חלום… מחר תלכי לגור בחיפה, וגם שרה [אהרונסון] תלך לאיזה מקום שיהיה, אני אהיה אסור פה לעבודתי: זרם אחר יסחפך, אנשים אחרים תפגשי, ידידוֹת אחרות תרקומנה, והכל יגוז כקצף על מים. ובקרן-זוית של הלב תישאר תמונה שיום-יום תלך ותחוור, וכל יום תהיה יותר מטושטשה, עד הימחקה כליל, ונשאר רק זכרון רחוק. שמץ זכרון.
                         
                         חלום, רק חלום… וגעגועים.
                         
                         ומדוע ולמה?…
                         
                         כל יום אנו מתים מעט… להישכח זה למות.
                         
                         
                         ***
                         
                         אבל לא! מרוב פסימיזם, הגעתי עד לכפוי-טובה. אל תאמיני לי, רבקה קטנה, הלא את יודעת כי כל זה לא אמת. הלא את יודעת כי לוּ גם לרגע שמח אני מאד שפּגשתי אתכן, שחיי פחות ריקים, שאני משתדל לא לחשוב לעתיד הקרוב והרחוק, ושהנני מברככן בלבי יום-יום. הלא כל אלה ידועים לך, ורק זה האמת.
                         
                         
                         ***
                         
                         וכך אצלי מצב קשה:
                         
                         אמא שוכבת זה יומיים, רק מחר תקום. כשאני נכנס אליה והיא נאנחת הנני שולח בלבּי את התבל כולה לעזאזל והייתי מחניק אז את כל האנשים, ואותי הראשון.
                         
                         אבא ואני הננו תמיד ביחס פחות או יותר “מתוח”, ובפרט עתה כשהוא חולה, וכשהקשר המאחדנו – אמי – והשומרת על הדיפלומטיה חולה, וכשהאי-סדר גדול, וכשבאו עוד הערב שני אורחים חסרי-ענין בשבילי, אז… הלא את מבינה.
                         
                         ולי יש בימים האלה כאב-ראש שכזה שזה כבר שנים אחדות אינני זוכר דוגמתו, אף שבענין הזה הנני בקי גדול. בימים כאלה אני מבין את המבטא שבּראו החלשים: “לצעוק מכּאב”. מחשבתי המומה. והנני מרגיש כי המוח ריק, יבש, וכי אי-אפשר להוציא משם כלום, בודאי תראי זאת ממכתבי.
                         
                         הלא גם לך משפחה, וראש ולב ו“פעקל” [“חבילה”], ותביני את הדברים האלה. באמת קשה לשער כמה מרץ, כמה כוח, כמה יופי גוזלים מכל אחד מאתנו הדברים הקטנים והנבזים האלה. כשאנו מתראים פעם ב“שמיטה”, כשאנו כותבים איש לרעהו, כשאנו מחפשים התרוממות-הרוח, איננו אמתיים.
                         
                         כמה שלא נשתדל לא להתפאר, לא ליפּות, לא להסתיר, לא להגזים, זה עוד כלום. הנשמה עטויה אז בגדי-חג, ואולם טוב לראות לפעמים את הילדה המסכנה הזאת בבגד-בית שעליו פוגשים תדיר קרע, טלאי או כתם. האנשים קלי-הדעת ורעי-הלב נוקמים בה אז נקמתם, אבל אלה שמבינים יודעים כי צריך לכבּדה עוד יותר אם יש בה עוד מרץ לפעמים, ולמען נשמות אחרות לעדוֹת קישוטים. עם שרה דיברנו אודות דברים ממין זה במוצאי-שבת בעת שאַת, ילדה טובה, הכינות בידיך את החדר שעוויתי עוון פלילי לבלי השתמש בו (סלחי רבקה!). והנה גם אִתך, מבלי משים, באנו לפרק זה.
                         
                         
                         ***
                         
                         עכשיו כבר מאוחר, או מוקדם, איך לומר לך? הלכתי באמצע “להשתרע” קצת יען שראשי עינה אותי, ואֵרדם. בימים האחרונים אינני שבע שינה, כנראה בריאותי צולעת קצת. ועתה כבר שלש אחרי חצות. אני רוצה לגמור את מכתבך יען שאבי מסר לי עוד מכתב אל אחותי בחיפה, ובשש יעירו אותי, וצריך יהיה ללכת לשלוח את הפוסטה.
                         
                         סלחי, רבקה חביבה, על כל הרע שבדפּי אלה. על כל הכיעור ועל כל ההבלים. הלא על כן קוראים לי האנשים ה“נבונים” – משוגע.
                         
                         לכולם אמרי שלום רב, וכשתשוב שרה מחיפה, כן! מה איכפת לך אם תלחצי אותה מעט יותר אל לבך ותתני לה עוד חצי תריסר נשיקות, הלא היא ילדה כל-כך טובה, לך זה לא יַרע, לה בוודאי יהיה הדבר נעים מאד, ואני אשמח מאד-מאד מ“עסק” כזה. דברים שבסוד, הלא רבקה? מי זה מחויב לדעת?…
                         
                         וכמדומני שדי הפעם להיות נער פטפטן, טיפש ומחוצף; הלא גם דעתך כך?…
                         
                       </p>  
                     <closer> 
                         <salute>צריך להיפרד, רבקה… לחיצת-יד ולהתראות,</salute>
                         
                         <signed>  <persName>   אבשלום  </persName> </signed>
                     </closer>
                     
                                   </div>          
            </body>
         </text>
     </TEI>
    
     <TEI xml:id="Letter2Avital">
         <teiHeader>
             <fileDesc>
                 <titleStmt>
                     <title><!-- ... --></title>
                     <author><!-- ... --></author>
                 </titleStmt>
                 <publicationStmt>
                     <p><!-- ... --></p>
                 </publicationStmt>
                 <sourceDesc>
                     <p><!-- ... --></p>
                 </sourceDesc>
             </fileDesc>
             <profileDesc>
                 <correspDesc>
                     <correspAction type="sent">
                         <persName>אבשלום פיינברג</persName>
                         <placeName>חדרה</placeName>
                         <date when="1911-03-29">29.3.1911</date>
                     </correspAction>
                     <correspAction type="received">
                         <persName>רבקה אהרונסון</persName>
                         <placeName>זכרון יעקב</placeName>
                     </correspAction>
                     
                 </correspDesc>
                 
             </profileDesc>
         </teiHeader>
         <text>
             <body>
                 <div>
                     <opener>
                         <dateline>
                             <date>    חדרה, 29 מרץ 1911</date>
                      
                      12.30 בלילה
                         </dateline>
                         <salute>      ילדות מאד חביבות,</salute>
                     </opener>

                      <p> 
                      לוּ כתבתי לכן כנפשי שבעי, לוּ כתבתי לכן כאשר עם לבבי, לו רק היה אפשר ללכלך די יפה את הנייר למען לשפוך את כל כיעור הנפש, אז הייתי בוודאי כותב עד חג-הפסח. אבל… היום – יותר נכון אתמול, יען שהיום הוא כבר מחר – קמתי מוקדם, התעייפתי כל היום ומחר שוב יעירו אותי בשש, והזמן כה קצר עד שש… ונשמתי עוטיה ותועה באלה הימים ועל כן בגד בי גם גופי קצת, וצריך לקצר, צריך להגביל, צריך לקמץ. וכיון שהינך מתכווץ במלים, גם הנשמה מתכווצת והכל יוצא מכוער.
                      
                      אולם אל תחשדוּני אף רגע בכילָיוּת, אל תחשובנה ילדותי הטובות כי חס אני על גופי העייף, על ראשי הדואב, על נשמתי המתענה, וכי אלה עוצרים אותי מכּתוֹב. חלילה! מלחמה לי בכל אלה! ואם עיניך הישרות, אַת שרה, תטיילנה בענין על שורותי ובין שורותי, אם אפּך המתלוצץ, אחותי רבקה, יהיה לרגע רציני, אז הרי עבודתי זו תענוג היא ושעה יפה בחיים.
                      
                      ותענוג לי, זאת עוד לא אומרת תענוג לכן… כי האם באמת צריך לכתוב אחרי שתיקתכן היפה-יפה, רעות! מדוע?
                      
                      
                      ***
                      
                      שמחתי כ"כ היום ש… לא באתן.
                      
                      כן! על-דברתי!
                      
                      ויושב אני ומחשב שאלה קשה, שאלה שבאנוכיות:
                      
                      מה יותר אנוכיי:
                      
                      א) לרצות שתבואנה יען שיש לי מזה הנאה פרטית?
                      
                      ב) לברככן שלא באתן יען כי זה היה גורם לכן אי-נעימות?
                      
                      מה יותר פשוט:
                      
                      א) לרצות שתבואנה גם ברגעים רעים, גם ברגעי עינויים, שתראוני גם בתוך התנאים הטבעיים והרעים גם 3 en veston d’interieur ושעל-ידי זה יהיה אפשר להכירני יותר טוב, לדעתני יותר מקרוב, להתקרב בכלל ולטעות פחות על “תנועות הנפש”.
                      
                      או:
                      
                      ב) לפחד שתבואנה שמא תראינה שהשולחן ערוך לא כדבעי, שבבּית אי-סדר, שהכל מהופך?! לשמוח שלא באתן ושבזה לא היו לי צביטות פנימיות קטנות, האם זאת לא שמחה אנוכיית שיסודה בהבל.
                      
                      שרה, רבקה, מה יותר פשוט; מה יותר נקי, מה יותר טוב?
                      
                      
                      ***
                      
                      ובבית – זוועה.
                      
                      אמא שוכבת חולה, אחותי עוד פה, ומיפו באו אלינו אורחים; דודי שנוסע עם משפחתו (עקירת משפחה מא“י ע”י אשה רוסיה ריקה ומנוּולת) בּא לקחת ממנו ברכת-הפּרידה, והביא אתו את אמו הזקנה שהינה חולה, מיוגעת, אי-אפשרית ושתישאר מעתה אצלנו. אסור ומכוער לדבּר רעה אודות הזיקנה, מי יודע מה סופנו? והאשה הזאת היא אֵם גזענו, הנני בשר מבּשרה ודם מדמה; אבל הלא הינכן מבינות… ורחל [המשרתת] כבר עושה “פסח”, ואני הנני מתפקע.
                      
                      
                      ***
                      
                      ואין עכשיו לא פינה ולא רגע למען לעשות עבודות נחוצות ורודפות. וצריך לעבוד.
                      
                      מצִלה כלום.4 מחסיה מכתבים סנטימנטליים ומעשים מכוערים. מפ’אני שורות אחדות. איך פנטשיק ברגע הזה עם לטיפה אחת על מצחי עם ידיך הטובות. איזה ילדה טובה זאת, באמת קשה להגיד.
                      
                      ושוב חדשות אין… “עולם כמנהגו נוהג ואין חדש תחת השמש”…
                      
                      
                      ***
                      
                      כן, עוד כיעור:
                      
                      כשישבתי לכתוב חפצתי לקחת נייר “מן המשמר” אבל זה בארוני, אחותי ישנה בחדר, אי-אפשר להיכנס, ורציתי כבר לדחות את הכתיבה;הפעם ניצחתי את הקטנוניות. אבל המחשבה עצמה?… כמה pose,5 כמה זיוף!
                      
                      מי יודע, אולי גם לאחרים מחשבות כאלה והם אינם מודים. אולם: “מודה ועוזב ירוחם”…
                      
                      
                      ***
                      
                      אח! לולא מחר כ“כ הרבה עבודה הייתי שׂם בשמחה רבּה כדור במוחי היום, אבל אין זמן. אי לזאת צריך ללכת בַּי-בַּי. ובטרם שכבי ל”שינה הגדולה" הנני חושב עוד לבוא לקטוף שתי בת-צחוק על שפתותיכן שישמשו לי בתור Passeport6 בארצות האגדתיות.
                  </p>    
                     <closer>
                         <salute> שלום שלום ילדות,</salute>
                      
                         <signed>  <persName> אבשלום </persName> </signed>
                     </closer>
                 </div>
             </body>
         </text>
     </TEI>
      <!-- More TEI Documents -->
</teiCorpus>
