<?xml version="1.0" encoding="UTF-8"?>
<?xml-model href="http://www.tei-c.org/release/xml/tei/custom/schema/relaxng/tei_corpus.rng" type="application/xml" schematypens="http://relaxng.org/ns/structure/1.0"?>
<?xml-model href="http://www.tei-c.org/release/xml/tei/custom/schema/relaxng/tei_corpus.rng" type="application/xml"
	schematypens="http://purl.oclc.org/dsdl/schematron"?>
<teiCorpus xmlns="http://www.tei-c.org/ns/1.0">
    <teiHeader>
        <fileDesc>
            <titleStmt>
                <title>title of corpus</title>
                <author>author</author>
            </titleStmt>
            <publicationStmt>
                <p>Publication Information</p>
            </publicationStmt>
            <sourceDesc>
                <p>Information about the source</p>

            </sourceDesc>
        </fileDesc>
    </teiHeader>
    <TEI xml:id="EdensLetter1">
        <teiHeader>
            <fileDesc>
                <titleStmt>
                    <title><!-- ... --></title>
                    <author><!-- ... --></author>
                </titleStmt>
                <publicationStmt>
                    <p><!-- ... --></p>
                </publicationStmt>
                <sourceDesc>
                    <p><!-- ... --></p>
                </sourceDesc>
            </fileDesc>
            <profileDesc>
                <correspDesc>
                    <correspAction type="sent">
                        <persName>אבשלום</persName>
                        <settlement>חדרה</settlement>
                        <date when="1911-11-01">01.11.1911</date>
                    </correspAction>
                    <correspAction type="received">
                        <persName>רבקה</persName>
                        <settlement>זכרון יעקוב</settlement>
                    </correspAction>

                </correspDesc>
            </profileDesc>



        </teiHeader>
        <text>
            <body>
                <div>

                    <opener>
                        <dateline>
                            <date>01.11.1911</date>
                            <placeName> חדרה</placeName>
                        </dateline>
                        <salute> לבתי האהובה </salute>
                    </opener>


                    <p> אם נעצבתי אל לבי הינך מבינה בעצמך. אבל לא רק מהרגש האנוכיי על שאינך באה,
                        הנני גם נעצב מאד על שאמך חולה שוב. מה יהיה סוף הדברים האלה? בבית עובדים,
                        עושים סדרים, שבים לחיות… קורים פה דברים משונים: שוכבים במיטות מוצעות, יושבים
                        אל שולחן נקי, ועוד פלאי-פלאים שאיבּדתי הרגלם פה. מאיין הינך לוקחת שביתנו מלא
                        אורחים? כלל. רק הא' בלקינד פה והוא הן נשאר. עכשיו פה גם הא' מ. חנקין, אבל
                        הוא רק לוקח ארוחותיו אצלנו וישן הוא אצל אחיו. כך, הננו לבדנו, אמא ואני, אני
                        ואמא… במה שנוגע לפרזנליכקייט 35 \שלי, הנני חלש מאד, כנראה באה ה-r ? action
                        36 . אמי והרופא רוצים שאקח חינה37 . אִמרי בעצמך, חביבתי, האם אין אלה שטותים
                        בעלמא? אמי מתהלכת כצל, עובדת, משוטטת בפינות, מתבודדת, מתגעגעת ומראֶהָ פולח
                        לבּי. מה עושה את? מה שלום ספּתנו היקרה? אני מתגעגע לשתיכן, סוגר לרגעים עיני
                        למען להיות אתכן במחשבה. נורא כמה הלילות ארוכים פה… לילות בלי נשיקות, ימים
                        בלי שמש, תהומות נצחיים. החורף אורב לנו, רבקתי האהובה, עם הקור, עם ענניו, עם
                        כלאוֹ, עם צוֹמוֹתיו הארוכים. לבּי נקפא בקרבּי ושפתי מתכווצות, בזכרי אלה;
                        ולחישה באה ממעמקים: אין לעזור… אין לעזור… הנה גם ליומיים אמך לא רוצה לעזבך
                        הנה. אבל אִמרי לה שסוף-סוף תכריחני לגנבך ולא להשיבך כלל. או לא! מוטב לא
                        להגיד לה כלום… ראשי כבד עלי, חביבוֹני הלָטיף, ואינני יכול לפטפט יותר. והן גם
                        ככה קוראת את לי פטפטן ותמיד רק מגדפת אותי, ולמה לי להוסיף? אִמרי שלום לכולם,
                        בייחוד לאמך, וכי כועס אני עליה ועל לבּה 38 שלום, מלכתי הקטנה! הנני מדביק לבי
                        וּשׂפתי לרגליך הננסיות, לשוּלי שמלתך היקרה, לקצה סינורך המבוּשׂם הנני שם
                        ראשי על זרועותיך האהובים, על לבּך החם. </p>
                    <closer>
                        <salute>הנני שלך ללא מעצור</salute>
                        <signed>
                            <persName> אבשלום</persName>
                        </signed>
                    </closer>
                </div>
            </body>
        </text>
    </TEI>
    <TEI xml:id="EdensLetter2">
        <teiHeader>
            <fileDesc>
                <titleStmt>
                    <title><!-- ... --></title>
                    <author><!-- ... --></author>
                </titleStmt>
                <publicationStmt>
                    <p><!-- ... --></p>
                </publicationStmt>
                <sourceDesc>
                    <p><!-- ... --></p>
                </sourceDesc>
            </fileDesc>
            <profileDesc>
                <correspDesc>
                    <correspAction type="sent">
                        <persName>אבשלום</persName>
                        <settlement>חדרה</settlement>
                        <date when="1911-11-10">10.11.1911</date>
                    </correspAction>
                    <correspAction type="received">
                        <persName>רבקה</persName>
                        <settlement>זכרון יעקוב</settlement>
                    </correspAction>

                </correspDesc>
            </profileDesc>
        </teiHeader>
        <text>
            <body>
                <div>
                    <opener>
                        <dateline>
                            <date>10.11.1911</date>
                            <placeName> חדרה</placeName>
                        </dateline>
                        <salute> ילדת-געגועי האהובה, שלום. </salute>
                    </opener>


                    <p> השבוע השאיר בלבי חלל ריק. לא כתבתי לך אף פעם ואַת, אכזריה, לא זכרת אותי כלל.
                        מה זאת, רבקה?! הנה מַתנו שבוע אחד וחיינו לא היו משותפים, כך לא טוב. מדוע לא
                        כתבתי? הלא הינך יודעת… שבתי ביום הראשון. קורספונדנציה גדולה חיכּתה לי. הלכתי
                        לאסיפה. עזבתיה אחרי חצות. הלכתי אל סמסונוב. החולה שכבה. בחדר אחד שכב בעלה
                        חצי הרוג על הספה. הרופא ישן בחדר השני. עליה עמד אחיה במניפה. איזה צבת דחק את
                        לבי ואזכור רשמים שעברו. בכל-זאת, חשבתי, הבטיח לי הרופא יפה כי תיחלץ מן
                        המיצר… האמנם?… לקחתי את המניפה מיד האח, עמדתי עליה ואשמור לבל תזדעזע, לבל
                        תשליך השמיכות. עמדתי ואשמור. זכרתי את כל הסיפורים אודות כוח ההיפּנוּז.
                        ואלטוש עיני. ואחשוב בכל מאמצי כוחי: “…בעל יש לך. בעל, גם ילד קטון, איך את
                        יכולה?…” כך עד שלש. הלכתי הביתה ואשכּב כהרוּג. בחמש העירוּני, בשש אחרי
                        התפילה רצתי לשם… היא כבר היתה מתה משעה וחצי. ממש ארבעה שבועות אחרי מות אבא.
                        אותה משכתי מעל גופת אבי, ואני הבּן הוכרחתי להוציא את הזרה מן חדר-המוות. עתה
                        אוּלצתי למשוך מעליה את אחיותיה ואמה. הבטתי על פניה, הצַתִּי נרות למראשותיה,
                        ואחשוב אודות חנוכּת הבית, אודות הוולס האחרון אתה, אודות הלצותינו ביום השבת
                        בעברנו על-פני ביתה כששכבה בקדחת צהובה, זוכרת? אמרת לי: “הלא אני רואה כי יש
                        לך חשק נורא ללכת…” וזכרתי כל זה וכמו פעמון של מוות צילצלה בלבי המחשבה:
                        “החיים, החיים, אלה הם החיים!…” *** הייתי מחוֹצבי קברה, הייתי ממורידי מיטתה.
                        קברה קרוב לקבר אבי. נשאתי פרחים על קבר אבי, הם שכבו כשעתיים למראשותיו עד
                        שחצבנו את הקבר. ואחר השלכתים על גופה, טרם נפלו עליה חפני האדמה הראשונים.
                        בכו, כיסו, הלכו. היא בלי ספק כבר נרקבה. החיים, החיים! אלה הם החיים! ***
                        ועינויים מכל צד. בחיים הפרטיים, האנושיים, הציבוריים, והיהודיים. רע ומר! אמי
                        יושבת על ידי, עגומה, חשכה, זקנה, מרגע לרגע אני מעיף לעברה עין וצעיף שחור
                        יורד על לבי. וצריך לעבוד הרבה, וגם מעט קשה עלי. ואני עייף, שבור, ומלא
                        געגועים. לוּ יכולתי אז הייתי הולך אליך מעט. אבל באמת חטא לעזוב את אמי.
                        החיים! *** צלצלוֹן [צלה] שואלת עליהן בכל מכתב ומברכת אתכן. מכתב שלה כבר שוכב
                        פה מיום הראשון. סלחנה לי. אמי תלך אולי ביום השלישי ליפו. מדוע לא הודעתן כלום
                        מאדון אהרנסון? האם הנהו בא, אם עוד אפשר לכתוֹב לו? 40 מדוע אינך מתערבת בחיי,
                        מדוע עוזבת אַת אותי לנפשי? כלום נשמתי הפקרת, כלום אינני שלך? מאף מתחרה
                        בשמלות אין לך לפחד בתוך לבי, אבל אחת יש שיכולה לגרשך משם: המילנכוֹליַה! אל
                        תתני לה להיכּנס לאורך-ימים. מחלת-מורשה זו במשפחתנו. השתדלי שהעצב לא יגרשך.
                        די, רבקתי האהובה, די לצערך ולשׂרוט על לבי. סלחי לי, אבל למושלים צריך להודיע
                        בדיוק את הנשמע בארצותיהם וממלכתך הלא לבבי, ואני הנני רק הפּקיד המצווה, והמרד
                        גדול, מלכתי היקרה, וידי קצרה להושיע: והנני מודיע… די, די! . </p>
                    <closer>
                        <salute> הנני שולח לך חבילת שושנים ואֶת… (להבדיל) ואת… לבי שפתי כבר נשרפו
                            מייחוּל</salute>
                        <signed>
                            <persName> אבשלום</persName>
                        </signed>
                    </closer>
                </div>
            </body>
        </text>
    </TEI>
    <!-- More TEI Documents -->
</teiCorpus>
