<?xml version="1.0" encoding="UTF-8"?>
<?xml-model href="http://www.tei-c.org/release/xml/tei/custom/schema/relaxng/tei_corpus.rng" type="application/xml" schematypens="http://relaxng.org/ns/structure/1.0"?>
<?xml-model href="http://www.tei-c.org/release/xml/tei/custom/schema/relaxng/tei_corpus.rng" type="application/xml"
	schematypens="http://purl.oclc.org/dsdl/schematron"?>
<teiCorpus xmlns="http://www.tei-c.org/ns/1.0">
    <teiHeader>
        <fileDesc>
            <titleStmt>
                <title>title of corpus</title>
                <author>author</author>
            </titleStmt>
            <publicationStmt>
                <p>Publication Information</p>
            </publicationStmt>
            <sourceDesc>
                <p>פינברג, א'. (אין תאריך). מכתבים לרבקה אהרונסון. [גרסה אלקטרונית]. פרויקט
                    בן-יהודה. נדלה בתאריך 2019-04-3. https://bybe.benyehuda.org/read/6874</p>
                <p>פינברג, אבשלום, and אמיר, אהרן. אבשלום : כתבים ומכתבים. חיפה: שקמונה, 1971.
                    Print.</p>
            </sourceDesc>
        </fileDesc>
    </teiHeader>
    <TEI xml:id="MALIK">
        <teiHeader>
            <fileDesc>
                
                <titleStmt>
                    <title><!-- ... --></title>
                    <author><!-- ... --></author>
                </titleStmt>
                <publicationStmt>
                    <p><!-- ... --></p>
                </publicationStmt>
                <sourceDesc>
                    <p><!-- ... --></p>
                </sourceDesc>
            </fileDesc>
            <profileDesc>
                <correspDesc>
                    <correspAction type="sent">
                        <persName>אבשלום</persName>
                        <settlement>RAOUAM FRERES</settlement>
                        <date when="1911-11-13">13.11.1911</date>
                    </correspAction>
                    <correspAction type="received">
                        <persName>רבקוני</persName>
                        <settlement>חדרה</settlement>
                    </correspAction>
                </correspDesc>
            </profileDesc>
        </teiHeader>
        <text>
            <body>
                <div>
                    <dateline> 13.11.11, חדרה</dateline> 
                    <salute>רבקוני, שלום לך מנחמתי הטובה! </salute> 
                    <p>ואני כל-כך חיכּיתי לך אמש!... ידעתי שאת באה, אבל presentiment[42] בעד
                        העגלונים שלא הלכו לא היה לי כלל. וסוף כל סוף הלא באה עגלה מזכרון-יעקב...
                        עגלונים רשעים! באמת אינם שווים להוביל את בּובּתי הקטנה. לאמא הוטב. עשו לה
                        בשבת בבוקר הזיית חינה והקדחת עברה. אבל נורא מה-חלשה הינה, ופניה כצל... את שם
                        קיבלתי אני הפעם, כמדומני שזאת לי הפעם הראשונה שהוא אורחי. ולו ידעת איזה
                        חשבונות יפים עוררה בלבי העובדה הזאת; כך: שֵׁם ואני נישן בסַלוֹן, אני על
                        מקומך, ואת תישני אצל אמא במיטתי... את מבינה, טיפשה?! סכלה מטופשת! ואַת לא
                        באת. וגם לראותך היום קיויתי: הזקן, ר' שם-אפנדי [סם אהרנסון], החליט אתמול כי
                        הוא יהיה רצוץ ושבור הבוקר וכי אני אסע לחיפה לפגוש את החַווגַ'ה. כבר הייתי
                        שמח, אף שאמי לא לקחה חלק בשמחה זו; והנה הערתי את שם והוא frais et
                        dispos;[43] לכי והאמיני באנשים נשואים! אתמול לבשתי בפעם הראשונה את
                        מעיל-החורף הצחור שלי, ומצאתי בו את הקרע שעשה לי נבּוּט ערבי תחת ארכּבתי
                        הימנית. ועל הלב בכיס השמאלי מכתב עם description épique[44] מקטטה פעוטה
                        והמכתב בתוך מעטפה עם מרובעים ירוק-צהבהב. וכששואפים ממנה, נכנס אל תוך הלב ריח
                        רַזֶדָה,[45] שעושה אותי לצעיר בשנה אחת, ולמאושר... למאושר. הילדה הקטנה ההיא
                        חשבה אז אודות דֶקלמָציה [דיקלום], ואני... אודות האמצעים להגיע אל הנשיקה
                        הראשונה. אַת יודעת, חתלתול שלי? יש לנו כבר... עבר s.v.p.,[46] עבר ארוך של
                        למכתבים, כבר יכולים אנו לאמור בגאוָה: אז, אז בימים ההם. די. אחיך האי-סבלן
                        כבר שאל: "איהר האט נאך א סך צו דיססערטירן".[47] לא! לא אַ סך, רק נשיקה הורסת
                        חזה, מפוררת עצמות, וקורעת שפתיים. שלום, אלילתי,ואני כל-כך חיכּיתי לך אמש!...
                        ידעתי שאת באה, אבל presentiment[42] בעד העגלונים שלא הלכו לא היה לי כלל.
                        וסוף כל סוף הלא באה עגלה מזכרון-יעקב... עגלונים רשעים! באמת אינם שווים
                        להוביל את בּובּתי הקטנה. לאמא הוטב. עשו לה בשבת בבוקר הזיית חינה והקדחת
                        עברה. אבל נורא מה-חלשה הינה, ופניה כצל... את שם קיבלתי אני הפעם, כמדומני
                        שזאת לי הפעם הראשונה שהוא אורחי. ולו ידעת איזה חשבונות יפים עוררה בלבי
                        העובדה הזאת; כך: שֵׁם ואני נישן בסַלוֹן, אני על מקומך, ואת תישני אצל אמא
                        במיטתי... את מבינה, טיפשה?! סכלה מטופשת! ואַת לא באת. וגם לראותך היום
                        קיויתי: הזקן, ר' שם-אפנדי [סם אהרנסון], החליט אתמול כי הוא יהיה רצוץ ושבור
                        הבוקר וכי אני אסע לחיפה לפגוש את החַווגַ'ה. כבר הייתי שמח, אף שאמי לא לקחה
                        חלק בשמחה זו; והנה הערתי את שם והוא frais et dispos;[43] לכי והאמיני באנשים
                        נשואים! אתמול לבשתי בפעם הראשונה את מעיל-החורף הצחור שלי, ומצאתי בו את הקרע
                        שעשה לי נבּוּט ערבי תחת ארכּבתי הימנית. ועל הלב בכיס השמאלי מכתב עם
                        description épique[44] מקטטה פעוטה והמכתב בתוך מעטפה עם מרובעים ירוק-צהבהב.
                        וכששואפים ממנה, נכנס אל תוך הלב ריח רַזֶדָה,[45] שעושה אותי לצעיר בשנה אחת,
                        ולמאושר... למאושר. הילדה הקטנה ההיא חשבה אז אודות דֶקלמָציה [דיקלום],
                        ואני... אודות האמצעים להגיע אל הנשיקה הראשונה. אַת יודעת, חתלתול שלי? יש לנו
                        כבר... עבר s.v.p.,[46] עבר ארוך של למכתבים, כבר יכולים אנו לאמור בגאוָה: אז,
                        אז בימים ההם. די. אחיך האי-סבלן כבר שאל: "איהר האט נאך א סך צו
                        דיססערטירן".[47] לא! לא אַ סך, רק נשיקה הורסת חזה, מפוררת עצמות, וקורעת
                        שפתיים. שלום, אלילתי,</p>
                    <closer>		
                     	                         <signed>אבשלום</signed>		
                       	                         שלום רבקה’לה             		
                       	                     </closer>
                </div>
            </body>
        </text>
    </TEI>
    <TEI xml:id="MALIK">
        <teiHeader>
            <fileDesc>
                <titleStmt>
                    <title><!-- ... --></title>
                    <author><!-- ... --></author>
                </titleStmt>
                <publicationStmt>
                    <p><!-- ... --></p>
                </publicationStmt>
                <sourceDesc>
                    <p><!-- ... --></p>
                </sourceDesc>
            </fileDesc>
            <profileDesc>
                <correspDesc>
                    <correspAction type="sent">
                        <persName>אבשלום</persName>
                        <settlement>RAOUAM FRERES</settlement>
                        <date when="1911-11-14">14.11.1911</date>
                    </correspAction>
                    <correspAction type="received">
                                      <settlement>חדרה</settlement>
                    </correspAction>
                </correspDesc>
            </profileDesc>
        </teiHeader>
        <text>
            <body>
                <div><dateline>חדרה, 14.11.1911</dateline> 
                    <salute>ילדתי החביבה, שלום.</salute> 
                    <p>בלילה כתבתי לצלנקה [צילה] ומכתבי-עסקים והחלטתי בלבבי לגמור את הכל בשוּרות אחדות אליך; אבל הייתי כל-כך עייף ויגע שהיה לי אי-אפשר.  מכתב אליך זה  dessert,[48] זה נקיון כללי של הלב, אחרי עמל היום ומכאוביו, וצריך לעשות את זה בלב שלם. 
                        עם צלקה דיברתי ארוכות עליך, מהלך דפים אחדים, ונדמה לי כי זה לחיות קצת אתך.  דברים רבים שלך אי-אפשר להגיד ושמוּתר להגיד לאחות קטנה... 
                        יש הזדמנות: ד"ר ברון נוסע זכרונה והנני ממהר להכין לך דף קטון. 
                        מה נשמע אצלך?  האם בא הא' אהרנסון [ממסעו למצרים]?  באיזה-מצב רוח?  מתי יבוא הנה?  חס אני עליו.  כשיראה פה את העבודה שנעשתה (או יותר נכון: שלא נעשתה), יצטער הרבה.  והפעם גם לבי לא מַכּני: מי כמוני יודע את התירוץ?... 
                        לאמי הוּטב אבל ליפו אינה נוסעת היום.  בכלל, עצתך לבוא ביום הרביעי ולשהות אצלכם עד יום הראשון טובה מאד בשביל שנינו אבל לא בשביל העבודה, על כן נישאר יושבים... 
                        הנני מבקשך להודיעני מתי יהיה מי מכּם פה: או הא' אהרנסון בעצמו או את מי מכּן.  ולכתוב לי תדיר, אהובתי, תדיר והרבה.  כוח המכונה תוּשש...  צריך חומר להסקה, אינני מכיר  tonique[49]  טוב ממכתביך החביבים, הנחוצים, החיובים, השמעת?! 
                        כל זה הבל.  כל זמן שלא יימצא האמצעי הנכון להיחבק, להיצמד, להתנשק גם במרחק של שעות או ימים נסיעה, כל זמן שזה אי-אפשר, יש רק מצב אחד שמרוּצה אני בו: כשהינך על לבי, כך, קרוב, קרוב מאד.  כשהנני שואף אותך אל קרבי, עד דמעות ומוּעקת-לב.  הנני מחבק אותך, גברת-לבי הקטנה, ושותה אותך בשׂפתי משולי שמלתך עד מצחך היקר. 
                        שלך,</p>
                    <closer>		
                        <signed>אבשלום</signed>		             		
                    </closer>
                </div>
            </body>
        </text>
    </TEI>
    <!-- More TEI Documents -->
</teiCorpus>
