<?xml version="1.0" encoding="UTF-8"?>
<?xml-model href="http://www.tei-c.org/release/xml/tei/custom/schema/relaxng/tei_corpus.rng" type="application/xml" schematypens="http://relaxng.org/ns/structure/1.0"?>
<?xml-model href="http://www.tei-c.org/release/xml/tei/custom/schema/relaxng/tei_corpus.rng" type="application/xml"
	schematypens="http://purl.oclc.org/dsdl/schematron"?>
<teiCorpus xmlns="http://www.tei-c.org/ns/1.0">
     <teiHeader>
         <fileDesc>
             <titleStmt>
                 <title>title of corpus</title>
                 <author>author</author>
             </titleStmt>
	        <publicationStmt>
	           <p>Publication Information</p>
	        </publicationStmt>
	        <sourceDesc>
	           <p>Information about the source</p>
	        </sourceDesc>
         </fileDesc>
     </teiHeader>
     <TEI xml:id="MyTextNumber1">
         <teiHeader>
             <fileDesc>
                 <titleStmt>
                     <title><!-- ... --></title>
                     <author><!-- ... --></author>
                 </titleStmt>
                 <publicationStmt>
                     <p><!-- ... --></p>
                 </publicationStmt>
                 <sourceDesc>
                     <p><!-- ... --></p>
                 </sourceDesc>
             </fileDesc><profileDesc><correspDesc xml:id="message1">
                 <correspAction type="sent">
                 <persName>אבשלום פיינברג</persName>
                 <placeName>אלכסנדריה</placeName>
                 <date when="1915-09-26">26.09.1915</date>
             </correspAction>
                 <correspAction type="received">
                     <persName xml:id="JTH">רבקה אהרונסון</persName>
                     <placeName>זכרון יעקב</placeName>
                 </correspAction>
             </correspDesc>
                 <correspDesc xml:id="message2">
                     <correspAction type="sent">
                         <persName>אבשלום פיינברג</persName>
                         <placeName>אלכסנדריה</placeName>
                         <date when="1915-09-26">26.09.1915</date>
                     </correspAction>
                     <correspAction type="received">
                         <persName>רבקה אהרונסון</persName>
                         <placeName>זכרון יעקב</placeName>
                     </correspAction>
                 </correspDesc>
                 </profileDesc>
         </teiHeader>
         <text>
             <body>
                 <div>
                     <opener>
                       <dateline><placeName>אלכסנדריה</placeName>, <date>26.9.1915</date></dateline>
                                               
                     <salute>ילדתי החביבה,</salute>
                     </opener>
                   <p>
                       מה להגיד לך? הלא מבינה את יחידתי היחידה כי כל מה שהנני כותב לכל אחד 
                         
                        מכּם הוא בשביל כולכם. עליכם לזכור רק שאתם שלושה ואני אחד, ולעשות את חובתכם.
                        
                        מדוע נסעתי? את זאת הלא תביני יותר טוב מכולם. הלא יודעת אַת – ואולי רק אַת – 
                        
                        כמה אני אוהב את <persName>אהרן</persName>. אולם מעולם לא תחושי זאת כמו שחשתי מעת שאתם נסעתם.
                        
                        ילד מסכן אהרעלע! מוח של גאון, מרץ של בריונים, אופי של גבורה ולב של ילד, 
                        
                        של תינוק ממש, ומי לו עכשיו? כל האמהות הלכו להן אשה-אשה לדרכה. 
                        
                        האֵם הטובה, האֵם היחידה, השמיימה, אמא-שרה אל אָשרה, אמא-רבקה אל הבלתי-ידוע, 
                        
                        ולראותו איך נשאר לבדו, חולם גלמוד ומתגעגע, קרע באמת את לבּי לגזרים. האמיני לי,
                        
                        יודע אני כי חוטא הנני בכתבי לך את הדברים האלה, אבל גם אני העשת, גם אני חרר-העיניים, 
                        
                        הנני מֵימֵר כבאֵבל מדי דבּרי בו. ובעת שכל אחד מאִתנו יכל לָציץ החוצה לדעת האמת, 
                        
                        לחשוב, לקוות, יושב האסיר המסכּן הזה כעיור באפלה, בלי ידיעות, בלי חדשות, בלי קריאות.
                        
                        לא, אינני רוצה! רוצה אני שיהיה די כסף בקוּפה למען שיוכל הוא לבזבז אלף פרנק בשעת הצורך, 
                        
                        רוצה אני שיידע את המצב הכללי בדיוק, יען כי במוחו תצמחנה המחשבות הגדולות ביום הצורך.
                       
                        רוצה אני שמוחו יעבוד על ידיעות ברורות ולא על השערות בעלמא, ולא יטחן מים.
                        
                        מי יַשקני מַים מבית-לחם-יהודה?
                        
                        ואני חש כי הנני בנוי בכל-זאת באותו החומר שיודע לבקע אויב, לשאוב מן המעיין הטוב, ולשוב. 
                        
                        ואם לא אני – מי?! עשינו את החשבון של אלה שהלכו.
                        
                        Partir c’est mourir un peu
                        
                        Mourir àtout ce que l’on aime,
                        
                        En tout temps, en tout lieu
                        
                        On laisse un peu de soi-m ême.
                        
                        Et l’on part, et c’est un jeu,
                        
                        Partit c’est mourir un peu…
                        
                        ומי נשאר לאהוב את הילד הגדול?
                        
                        אבא; אבא מסכן, זקן, מתאבל, מתגעגע.
                        
                        ידידיה; 116 ידידיה מאושר; אוהב את “הדוד הגדול” באינסטינקט הטהור שלו – ותו לא; 
                        
                        ואני; ואני מוכרח למלאות חובתי.
                        
                        מר מאד היה להיפרד מהזקנים; שלך, שלי. לאמא אמרתי שעתיים-שלש לפני נסעי, כמה דמעות, כמה צער. ולאביך לא העזתי אפילו להגיד, לא העזתי להביט בפניו. אמרתי לו רק: “להתראות!” ומקווה אני לעמוד בדיבורי בקרוב.
                        
                        לכשיהיו לאהרן עתונים, ספרים, כלים שצריך למסור לשֵׁם, לכשאדע שמאמריקה נשלח די כסף ושאין לו 
                        
                        דאגה וצער, אדע שעשיתי איזה דבר. יען שתמיד תמיד חשבתי שבעשׂוֹתי מה שהוא בשביל אהרן עשיתי 
                        
                        גם בשביל המולדת, אותה המולדת שהוא יודע לאהב אותה מעל לכל, כידען, כמשורר, כפייטן, ככומר.
                        
                        אותה המולדת שהוא נותן לה את כל חייו. אותו הרגש היה לי כבר אז (הזוכרת את ב-1911?) 
                        
                        כשרציתי לנסוע וכשפגשתיו, וכשאמרתי לי: אם הוא פה, אתה לא רשאי… לנוס 
                        
                        (כן, צריך לקרוא הדברים בשמם).
                        
                        ואני בשלו נשארתי. הכרתיך, ואֶת שרה, ואֶת ביתכן ואֶת חיבּתכן החמה, ואֶת אביכן ואֶת אמכן הטהורים. ראה ראיתי שעות שחורות, אבל עם עיני דמעו עוד עיניים. וראה ראיתי חשיכוֹת לא “שלי”, אבל שלי נתהוו בהכרח. ובכאב ובאהבה בכיתי והתאבלתי. ואותן החשיכות, אותן הדמעות, אותו האֵבל, ואותן קרני האור, ואותה האהבה, התקוה, והמלחמה אלה, אלו הן חמש שנות חיי האחרונות – אין אחרת.
                        
                        סלחי לי, ילדת-לבי היחידה, שנסעתי – אבל בשל כל אלה נסעתי.
                        
                        וסלחי לי גם אם פתחתי (לא פתח, קרע הוא) פינה בלב שתמיד-תמיד צריכה להיות סגורה בצנעא. רק לפניך, אוּבּי, אַת השופטת, אַת הסולחת. סלחי לי גם אם הֶאדמתי עיניך היקרות. שמרי לי היטב על מאוֹרוֹתי אלה. אל תבכי, אוּבּי, ואל תדאגי בחשבך עלי, הלא יודעת אַת שחש אני אותך, ש“חי” אני אותך מרחוק. ייאושך ועצבּך ירפּו את ידי ונכשלתי. למעני, למעננו, למען ארצנו ותקוותנו, חִזקי ואִמצי, שׂחקי שׂחקי תמיד, חביבה, בשׂחוקך, שׂחוק ילדה קטנה ורצינית, בשׂחוק של הימים הטובים, של “ימי המלאכים”. זכרי שהינך אַמצי, גאוותי, מטרתי, תקוותי. תרדפני מחשבתך הטובה והמצטחקת, וברכותיך הקלות והפזיזות והמבדחות, ותהיינה עיניך תמיד טהורות כשמינו באביב, אמן!
                        
                        Audacem fortuna Juvat! – לאַמצנו יאיר סוף-סוף המזל פנים, ובשמחה נספר על בלהות שעברו. ועכשיו, כל אחד חובתו. אני שלי – ואַת, לכתוב לי מכתבים תכופים, גדולים, מהירים.
                   </p>    
                        
                        <closer>הנני שׂם לבּי לרגליך, וכל נשיקותי – כולן!
                        
                        <signed><persName>אבשלום</persName></signed></closer>
                        
                        
                        
                        
                     
                 
                 </div>
             </body>
         </text>
     </TEI>
     <TEI xml:id="MyTextNumber2">
         <teiHeader>
             <fileDesc>
                 <titleStmt>
                     <title><!-- ... --></title>
                     <author><!-- ... --></author>
                 </titleStmt>
                 <publicationStmt>
                     <p><!-- ... --></p>
                 </publicationStmt>
                 <sourceDesc>
                     <p><!-- ... --></p>
                 </sourceDesc>
             </fileDesc>
         </teiHeader>
         <text>
             <body>
                 <div>
                     <dateline><placeName>אלכסנדריה</placeName>, <date>26.9.1915</date></dateline>
                     
                         <salute>בּוּבּי,</salute>
                        <p>
                         בהיותי בקַנֶאַה 117ראיתי תחרים יפים עד לשגעון. חשבתי שאֶמצאֵך פה ולכן תסלחי לי אם קניתי לך צווארון והזמנתי צווארון ו- devant ו- manchettes [שרווליוֹת] שעוד צריכים לבוא. רציתי ליפּוֹת אותך, ילדתי. רואה אני את אָפּך הזועף ויש לי חשק להתפרץ בצחוק פרוע (תמיד פעל עלי אַפּך כך!…) הנני מקווה שתמצאי שהוא bon goût [בטוב טעם] ושתתחדשי בריאה-ושלמה ומצטחקת לפני המַראָה, יען כי בוודאי תחשבי שעוד רגע יופיע מאחרי גבּך צִלֵך השחור, ויאריך לשון ויעווה פנים כיד השד הטובה עליו וישוֹך אָזנך ומפרקתך. לדאבון-לבּי הגדול, היה לא תהיה; אבל מקווה אני שמחשבתי אליך תחפּה על אי-רצונך בצווארון זה, שמחשבה זו תהיה לפעמים על כתפיך, אותן הכתפיים החביבות, היקרות, המזהירות, שאוהב אני אותן בלי כל צווארונים…
                        </p>
                             <closer>
                          שלום לך, לבּי, נשמתי, ילדתי. שלך, שלך,
                         
                         שלך,
                         
                         <signed><persName>אבשלום</persName></signed></closer>
                        
                 </div>
             </body>
         </text>
     </TEI>
     <!-- More TEI Documents -->
</teiCorpus>
