<?xml version="1.0" encoding="UTF-8"?>
<?xml-model href="http://www.tei-c.org/release/xml/tei/custom/schema/relaxng/tei_corpus.rng" type="application/xml" schematypens="http://relaxng.org/ns/structure/1.0"?>
<?xml-model href="http://www.tei-c.org/release/xml/tei/custom/schema/relaxng/tei_corpus.rng" type="application/xml"
	schematypens="http://purl.oclc.org/dsdl/schematron"?>
<teiCorpus xmlns="http://www.tei-c.org/ns/1.0">
     <teiHeader>
         <fileDesc>
             <titleStmt>
                 <title>title of corpus</title>
                 <author>author</author>
             </titleStmt>
	        <publicationStmt>
	           <p>Publication Information</p>
	        </publicationStmt>
	        <sourceDesc>
	           <p>Information about the source</p>
	        </sourceDesc>
         </fileDesc>
     </teiHeader>
     <TEI xml:id="MyTextNumber1">
         <teiHeader>
             <fileDesc>
                 <titleStmt>
                     <title><!-- ... --></title>
                     <author><!-- ... --></author>
                 </titleStmt>
                 <publicationStmt>
                     <p><!-- ... --></p>
                 </publicationStmt>
                 <sourceDesc>
                     <p><!-- ... --></p>
                 </sourceDesc>
             </fileDesc>
             <profileDesc>
                 <correspDesc>
                     <correspAction type="sent">
                         <date when="1912-01-13">13.1.1912</date>
                     </correspAction>
                     <correspAction type="sent">
                         <persName>אבשלום פיינברג</persName>
                         <placeName>unknown</placeName>
                         <date when="1912-01-15">13.1.1912</date>
                     </correspAction>
                     <correspAction type="received">
                         <persName>רבקה אהרונסון</persName>
                         <placeName>זכרון יעקוב</placeName>
                     </correspAction>
                 </correspDesc>
             </profileDesc>
         </teiHeader>
         <text>
             <body>
                 <div>
                     <dateline><date>13.1.1912</date></dateline>
                     <salute>
                         רברבון אהוב שלי                     
                     </salute>
                     
                     <p>
                         כמה קצרה את, חברי הקט, קצרה לא בקומה, חלילה (הלא ידוע לנו שהינך ילדה גדוֹוֹלה ), אבל מקצרת במכתביך. אם כבר זכיתי לקבל איזה דבר, זה רק טלגרמה. אצלי העסקים משונים. אתמול זכיתי לקבל לשולחני לארוחת-הערב את השייכים של ענבּתה, זיתה ובַּקָה 64 עם בני-לוויתם. חלק מהם עוד היה בצהריים וכחמישה לָנו פה, ועתה הבית שוב מלא מהחיות האלה. אורחים, ואורחים לכבוד האורחים. אני הייתי טרוד עד 2 אחרי חצות, קמתי בשבע, הנני עייף.
                         
                         
                         ***
                         
                         וכך עולם כמנהגו נוהג. בשל מחלתי והעצלות שבאה בעקבותיה לא עבדתי הרבה, חשבונותי התאחרו, והאדונים של זכרון (הפעם גם שֵם) כועסים בלי ספק עד-להשחית. נוּ, הנני מקווה כי בחודש הזה כבר אגמור ואפטר גם מהצרה הזאת. אמי איננה חולה כאשר הינך מדמה. היא רק לא בריאה, מתאנחת גונחת. היא זקנה באופן מבהיל בשבועות האחרונים. עכשיו התעמקה בקריאה, היא קוראת הרבה ושוכחת, ואני שמח מאד אף שחבל לי על עיניה.
                         
                         ומה שלומך את, ילדת-זוהר שלי? כששכבתי בקדחת הממה במוחי המחשבה: “ילדתי בלי ספק התקררה בלילה ההוא, שוכבת היא חולה, חולה”, ומוחי אמר להתפורר. ילדתי האי-זהירה! אהובי הקטון! זוכרת את?… כמה אהבתיך ברגעים המעטים ההם!… רעדתי כעלה, איזה דבר המה בלבּי כמיתרים. שווה, רבקתי, שווה לשכב שבוע בקדחת. עוד ברגע הזה לוּ הופיע השטן לפני כלפני פוסט [פאוסט] והציע לי את המסחר הייתי מקבל תיכף, ואני הייתי המרוויח. לילה כאשר ידעת, ובמחירה ימים של שריפה בדם, במוח, ובלב. ימים של פנטסיה, ולילות של חלומות בוערים. אהה, רבקתי! איך? ומתי?!…
                         
                         
                         ***
                         
                         אולם תוצאות הקדחת מזוהמות. קיבלתי על שפתי התחתונה כפתור פורח, וכששמעתי שהינך באה הנה ביום הראשון כבר נעצבתי בחשבי כי שׂפתי כל-כך נחוצות תהיינה לי אז, וכי במצב כזה… ועתה אחרי שהתחילו שוב הגשמים הנני נעצב עוד יותר כי ילדתי שם תישאר יושבת.
                         
                         והגעגועים נוראים. הנני יכול עתה לשכּב שעות ארוכות ביום או בלילה, לשכב ולהשתדל לבלי להירדם, וחלום אחד באלף תבניותיו, ושם אחד באין-קץ צילצוליו משוטט סביבי.
                         
                         זה נורא, רבקתי! הלא כל העבר הבלים! הלא הנני אוהב בפעם הראשונה בחיי, והנני אוהב כמו ילד שוטה, חלש, נרגז. מנוחה של נפש ומנוחה של גוף נחוצה לי לזמן-מה כי במצב כזה לא אלך רחוק. קשה, קשה! הנני מרגיש כמו נשיכות של שיניים חדות בערפּי כשהנני חושב אודות הדברים האלה…
                         
                         
                         ***
                         
                         ולבי עצוב…
                         
                         אודות הגוף כבר דברנו הרבה. מקבלים אנו את גזר-הדין הדוחפנו איש בזרועות רעותו, ונלחמים כגיבורים לכבוש את היצר. ומנשמתך אינך נותנת כלום. ואת הלא הינך ילדתי, דמי, בתי הקטנה, נשמתי הזכּה, ובלי ספק היית יכולה לספר לי הרבה הרבה מלים של חיים לוּ רק רצית…
                         
                         לוּ רצית, חביבתי…
                         
                         
                         ***
                         
                         צריך לגמור.
                         
                         מי יודע עוד אם המכתב יילך?
                         
                         חושב אני כי הייתי נותן באושר שנה של חיים (אח! המלה המנוולת!…) למען קבוֹר ראשי בחזך, בחיקך, למען הדבּק שפתי אליך, למען לאחזך כמו אז בפעם האחרונה, ולמען למרות רצונך ללטף בשׂפתי את פעמיך החביבים.
                         
                         ומה יעזור לי?
                         
                         ברגע הזה אי-אפשר גם אם אתן כל דמי.
                         
                         אבל ילדתי נערה ישרה ושלם תשלם חובותיה.
                         
                         זכרי כי יש פה ילד שחי כל שעותיו במחשבה עליך.
                         
                         שלום לך, חלומי הזך,
                         
                         קניינך,
                         
                         אבשלום
                         
                         P.A. בובתי! הנני מבקשך טובה בשביל “הדוד” (רומן שלך!) שולח אני לחוואג’ה שלנו נייר שעליו יקח בזכרון כסף למען הדוד. אני מקווה שיבוא אלינו ביום הראשון. אם תראי כי לא, אמרי לו בבקשה כי ביקשתיך להודיע שצבי יובל 65יבוא הנה ביום הראשון בבוקר.
                         
                         הנני בולע אותך,
                         
                         
                         13.1.1912
                         
                         רברבון אהוב שלי,
                         
                         כמה קצרה את, חברי הקט, קצרה לא בקומה, חלילה (הלא ידוע לנו שהינך ילדה גדוֹוֹלה ), אבל מקצרת במכתביך. אם כבר זכיתי לקבל איזה דבר, זה רק טלגרמה. אצלי העסקים משונים. אתמול זכיתי לקבל לשולחני לארוחת-הערב את השייכים של ענבּתה, זיתה ובַּקָה 64 עם בני-לוויתם. חלק מהם עוד היה בצהריים וכחמישה לָנו פה, ועתה הבית שוב מלא מהחיות האלה. אורחים, ואורחים לכבוד האורחים. אני הייתי טרוד עד 2 אחרי חצות, קמתי בשבע, הנני עייף.
                         
                         
                         ***
                         
                         וכך עולם כמנהגו נוהג. בשל מחלתי והעצלות שבאה בעקבותיה לא עבדתי הרבה, חשבונותי התאחרו, והאדונים של זכרון (הפעם גם שֵם) כועסים בלי ספק עד-להשחית. נוּ, הנני מקווה כי בחודש הזה כבר אגמור ואפטר גם מהצרה הזאת. אמי איננה חולה כאשר הינך מדמה. היא רק לא בריאה, מתאנחת גונחת. היא זקנה באופן מבהיל בשבועות האחרונים. עכשיו התעמקה בקריאה, היא קוראת הרבה ושוכחת, ואני שמח מאד אף שחבל לי על עיניה.
                         
                         ומה שלומך את, ילדת-זוהר שלי? כששכבתי בקדחת הממה במוחי המחשבה: “ילדתי בלי ספק התקררה בלילה ההוא, שוכבת היא חולה, חולה”, ומוחי אמר להתפורר. ילדתי האי-זהירה! אהובי הקטון! זוכרת את?… כמה אהבתיך ברגעים המעטים ההם!… רעדתי כעלה, איזה דבר המה בלבּי כמיתרים. שווה, רבקתי, שווה לשכב שבוע בקדחת. עוד ברגע הזה לוּ הופיע השטן לפני כלפני פוסט [פאוסט] והציע לי את המסחר הייתי מקבל תיכף, ואני הייתי המרוויח. לילה כאשר ידעת, ובמחירה ימים של שריפה בדם, במוח, ובלב. ימים של פנטסיה, ולילות של חלומות בוערים. אהה, רבקתי! איך? ומתי?!…
                         
                         
                         ***
                         
                         אולם תוצאות הקדחת מזוהמות. קיבלתי על שפתי התחתונה כפתור פורח, וכששמעתי שהינך באה הנה ביום הראשון כבר נעצבתי בחשבי כי שׂפתי כל-כך נחוצות תהיינה לי אז, וכי במצב כזה… ועתה אחרי שהתחילו שוב הגשמים הנני נעצב עוד יותר כי ילדתי שם תישאר יושבת.
                         
                         והגעגועים נוראים. הנני יכול עתה לשכּב שעות ארוכות ביום או בלילה, לשכב ולהשתדל לבלי להירדם, וחלום אחד באלף תבניותיו, ושם אחד באין-קץ צילצוליו משוטט סביבי.
                         
                         זה נורא, רבקתי! הלא כל העבר הבלים! הלא הנני אוהב בפעם הראשונה בחיי, והנני אוהב כמו ילד שוטה, חלש, נרגז. מנוחה של נפש ומנוחה של גוף נחוצה לי לזמן-מה כי במצב כזה לא אלך רחוק. קשה, קשה! הנני מרגיש כמו נשיכות של שיניים חדות בערפּי כשהנני חושב אודות הדברים האלה…
                         
                         
                         ***
                         
                         ולבי עצוב…
                         
                         אודות הגוף כבר דברנו הרבה. מקבלים אנו את גזר-הדין הדוחפנו איש בזרועות רעותו, ונלחמים כגיבורים לכבוש את היצר. ומנשמתך אינך נותנת כלום. ואת הלא הינך ילדתי, דמי, בתי הקטנה, נשמתי הזכּה, ובלי ספק היית יכולה לספר לי הרבה הרבה מלים של חיים לוּ רק רצית…
                         
                         לוּ רצית, חביבתי…
                         
                         
                         ***
                         
                         צריך לגמור.
                         
                         מי יודע עוד אם המכתב יילך?
                         
                         חושב אני כי הייתי נותן באושר שנה של חיים (אח! המלה המנוולת!…) למען קבוֹר ראשי בחזך, בחיקך, למען הדבּק שפתי אליך, למען לאחזך כמו אז בפעם האחרונה, ולמען למרות רצונך ללטף בשׂפתי את פעמיך החביבים.
                         
                         ומה יעזור לי?
                         
                         ברגע הזה אי-אפשר גם אם אתן כל דמי.
                         
                         אבל ילדתי נערה ישרה ושלם תשלם חובותיה.
                         
                         זכרי כי יש פה ילד שחי כל שעותיו במחשבה עליך.
                         
                         שלום לך, חלומי הזך,

                         
                     </p>
                     <closer>
                         <signed><persName ref="#AvishalomFienberg">אבשלום</persName></signed>
                         קניינך
                         P.A. בובתי! הנני מבקשך טובה בשביל “הדוד” (רומן שלך!) שולח אני לחוואג’ה שלנו נייר שעליו יקח בזכרון כסף למען הדוד. אני מקווה שיבוא אלינו ביום הראשון. אם תראי כי לא, אמרי לו בבקשה כי ביקשתיך להודיע שצבי יובל 65יבוא הנה ביום הראשון בבוקר.
                         
                         הנני בולע אותך
                     </closer>
                 </div>
             </body>
         </text>
     </TEI>
     <TEI xml:id="MyTextNumber2">
         <teiHeader>
             <fileDesc>
                 <titleStmt>
                     <title><!-- ... --></title>
                     <author><!-- ... --></author>
                 </titleStmt>
                 <publicationStmt>
                     <p><!-- ... --></p>
                 </publicationStmt>
                 <sourceDesc>
                     <p><!-- ... --></p>
                 </sourceDesc>
             </fileDesc>
             <profileDesc>
                 <correspDesc>
                     <correspAction type="sent">
                         <date when="1912-01-15">15.1.1912</date>
                     </correspAction>
                     <correspAction type="sent">
                         <persName>אבשלום פיינברג</persName>
                         <placeName>חדרה</placeName>
                         <date when="1912-01-15">15.1.1912</date>
                     </correspAction>
                     <correspAction type="received">
                         <persName>רבקה אהרונסון</persName>
                         <placeName>זכרון יעקוב</placeName>
                     </correspAction>
                 </correspDesc>
             </profileDesc>
         </teiHeader>
         <text>
             <body>
                 <div>
                     
                     <dateline><placeName ref="#Hadera">חדרה</placeName>, <date>15.1.1912</date></dateline>
                     <salute>
                         
                         בלי ספק כבר סלחת לי, נשמתי החביבה, על שלא כתבתי לך די הבוקר. זה זמן רב מאד שלא ראיתי את האדון אהרנסון, וכמוצא שלל רב שמחתי לשהות בחברתו שעה קלה וליהנות מדיבורו החי.
                         
                         עתה כבר מאוחר מאד. עד עתה עבדתי, ואיני יכל להתיר לעצמי שינה טרם שוחחתי אתך קצת.
                         
                     </salute>
                     <p>
                         
                         ***
                         
                         בנשימה ארוכה, וכאיש השובר צמאוֹ, שתיתי את דפיך הארוכים. חן-חן, רעותי האהובה. לוּ רק לא היה מכתבך כל-כך עגום, כל כך פסימי, היה כבר טוב. אבל ילדתי הקטנה עצובה, עצובה מאד, ולבּי לאמָרֵיה הולך שחוֹח.
                         
                         
                         ***
                         
                         כן, יודע אני שאינך יותר ילדה קטנה וקל-דעת. יודע אני כי לפעמים יש בך מן הרצינות היהודית, היתירה, המדכאת כל-כך. את כל זאת ידעתי, ותמיד תמיד מהרגע הראשון לדעתי אותך לא חשדתי בך אחרת. אולם התדמי כי כל אלה משמחים אותי? לא ולא! הלא דעתי ידועה לך למדי: “כל אשר החיים יותר יצירה, איפרוֹביזציה, הפתעה, כן ירבה האושר”. עם השאלות, החידות, עם חיפוש דין-וחשבון, ופתרון, יפחת הענין וּפחת האושר.
                         
                         
                         ***
                         
                         צריך רק לבוֹר את נקודת-המבט ולהיות מודה על האמת. ונקודות-המבט שתים הן:
                         
                         אחת של אופטימיזם: “כל דעביד רחמנא לטב עביד”, “גם זו לטובה”, הכל נוצר לטובה. אז אם יבוא ענן קל רגע קט להעיב על הזוהר וקיבּלו הדין באהבה, כי בעד כל הטוב צריך לקבל את הרע המשקיל אותו במאזני המזל.
                         
                         ואחת של פסימיזם: “הכל רע!” אז צריך לקבל את הרע מבלי כל הפתעה כדבר שמחכּים לו, ונהנינו אז שבעתיים מהטוב העובר פרקים-ברקים בחיינו.
                         
                         
                         ***
                         
                         ואנחנו?
                         
                         הודינו על האמת שרבים מסתירים בלבם: רוצים אנו מעט אושר, ולוּ לגימה אחת. צעירים אנחנו ומכוּנפים, ובבוא הדם לתבענו לדין, ענינו: צדקת!
                         
                         לוּ…
                         
                         לוּ היינו חפשים במובן שהאנשים נותנים למלה הזאת; לאמור בלי קשרי משפחה עבותים, עם אמצעים חמריים ועוד כאלה, אז אולי היה אפשר להיות מאושרים תיכף. ומי יודע אם האושר הזוֹלי והקל היה אז מאריך ימים?…
                         
                         אולם האמנם יען שאיננו חפשים, שאיננו עשירים, שהננו ישרים, על כן עלינו להיות אומללים ונואשים ולרטון רגע-רגע נגד החיים? Fi donc! [הבּוּז!] והכנפיים אַיה?! לרטון ולהתאונן הלא יכולה כל נפש זוחלת, כל גוף מתענה. ואנו המבקשים אושר הלא תעה נתעה אם בדרך זו נלכה.
                         
                         האושר – ביצירה.
                         
                         ויען שהאהבה היא מעיין היצירה על כן אושר היא. ויען שהכוח, ההתרוממות, כיבוש הגוף ושלטון הנפש, ההקרבה, והתקוה, אמצעים ליצירה הם, על כן גם עוזרים לאושר המה.
                         
                         היצירה בכוח, והאשר בכוח בכל הסתגלויותיו ומראָיו המשונים.
                         
                         
                         ***
                         
                         אוהב אני אותך, וכשלא אהבת די, שאלת: מדוע?
                         
                         הלא ברור כי מתוך הניתוח, המחשבה, ההגיון, ההשוויה יודע אני כל מעלותיך וחסרונותיך, ואינני טועה כלל למען יַפּוֹתך במה שאין בך, חלילה! שקר בחלה נפשי!
                         
                         ובכל זאת…
                         
                         כן! ויען שאין הרגש הזה ניתן להינתח, יען שאין ההגיון שולט בו, סימן הוא כי הוא מחוץ לחוג יכלתנו הרוחנית, כי רם הוא עלינו, כי איננו נזקק ל“תירוצים” בפני השכל, כי טוב הוא.
                         
                         ***
                         
                         אולם אם הרגש הזה עצמו אינו ניתן לשלטון ההגיון; צריך שלא יפרוץ, חלילה, בממשלתו, וגבול צריך הן לשים לו: “עד פה תבוא” (מובן מאליו: “בזמן הזה”) כי באורך הימים וסחף השטף את הכל – הגיון, כוח וגבורה.
                         
                         
                         ***
                         
                         ועל מה הינך הומיה על הזמן האבוד?
                         
                         אם לירוא על לקוצר החיים, אז הלא צריך לשתות את האהבה וּשמריה מהנשיקה הראשונה, כי מי יערוב לנו ליום מחר?!
                         
                         שערי בנפשך לוּ מתי בקרוב. אז בוודאי היינו מאָררים את ההגיון, השׂכל, ההתאפקות. אז הייתי מת פעמיים מצער, מכּאב, עם המחשבה: “ואהוֹב לא אהבנו!”
                         
                         אבל הלא כל אחד מקווה לעתיד, לשנים, לחיים. ואז צריכים אנחנו כשני ילדים טובים וחזקים להתחשב עם הסביבה, החיים, העתיד. צריך בהכרח גמור להילחם נגד כל הנזקים שמסיבּה לנו האהבה.
                         
                         
                         ***
                         
                         עוד ישובו הימים לפרוח, ריבתי, הכי חביבה, הרבה חלומות שעוד לא נולדו מחכּים גנוזים בלבותינו לבוא הזמן ומטה-הקסם בידו והכּה המעיין וקרא: היולדו, שטפו, חיו!
                         
                         מי יודע כמה אושר וכמה אסון עוד צפונים לנו שיעשׂו אותנו יותר חזקים יותר יפים, יותר טובים ויותר צרופים. מדוע לגלות מצפוּני העתיד? די מוקדם יפתיענו זה תמיד, ואל תגלי הלוט מפניו פן תשׂאי בלי עת בגופך הצעיר נשמה זקנה ונדכאת.
                         
                         
                         ***
                         
                         והנה (תמהון!), ידידך מדבר אליך דברים שריח של רצינוּת נודף מהם. אבשלום, זה הנער קל-הדעת ואין-מחשבה! (השחוק עשה לנו!)
                         
                         ומי יודע מה מכּה בלב?! מה דוחף לדברים.
                         
                         את יודעת, קטנה? היום התחילו לבנות את בנין הקבר של אבי. ארבעה-עשר שבועות היום למותו. למען להעמיס יותר טוב את האבנים לציוּן, פתחו בתוך הקבר כעומק חצי מטר ויותר. ואני ידעתי כי הנה עוד פעמיים גומה כזאת, עוד לחצוב במשך שעה קלה, והופיעו האבנים, הלוחות, הגוף. וכמו שגעון תקף אותי לזעוק: חיצבו! העלו! השיבו לי את אבי, איך שהוא, אני לא ירא את המוות, את השלדים, את הפּגרים. אני הולך אליהם בצעדי-און והם אלינו לא ישובו! אולם צעוק לא צעקתי. ההגיון הארור שאודותיו דיברתי עצרני. מוגי-לב כולנו. ואחרי היותי לקל-דעת תקפני הפחד שמא אהיה למשוגע…
                         
                         
                         ***
                         
                         אבל כל אלה הלא דברים אין-ענין בשביל מי לא חָיַם. גם לכתוב שכחתי מעת שבּאת. סלחי קטעי מכתבי, כל החיים קטעים הם, קטעים קטעים ותו לא.
                         
                         </p>
                     <closer>
                         <signed><persName ref="#AvishalomFienberg">אבשלום</persName></signed>
                         
                         הנני מאמצך אל לבי
                         </closer>
                 </div>
             </body>
         </text>
     </TEI>
    <TEI xml:id="MyTextNumber3">
        <teiHeader>
            <fileDesc>
                <titleStmt>
                    <title><!-- ... --></title>
                    <author><!-- ... --></author>
                </titleStmt>
                <publicationStmt>
                    <p><!-- ... --></p>
                </publicationStmt>
                <sourceDesc>
                    <p><!-- ... --></p>
                </sourceDesc>
            </fileDesc>
            <profileDesc>
                <correspDesc>
                    <correspAction type="sent">
                        <date when="1913-01-01">99 1 Janvier 1913</date>
                    </correspAction>
                    <correspAction type="sent">
                        <persName>אבשלום פיינברג</persName>
                        <placeName>Unknown</placeName>
                        <date when="1913-01-01">99 1 Janvier 1913</date>
                    </correspAction>
                    <correspAction type="received">
                        <persName>רבקה אהרונסון</persName>
                        <placeName>זכרון יעקוב</placeName>
                    </correspAction>
                </correspDesc>
            </profileDesc>
        </teiHeader>
        <text>
            <body>
                <div>
                    <dateline><date>99 1 Janvier 1913</date></dateline>
                    <salute>
                        ילדתי החביבה,
                    </salute>
                    <p>
     
                        אתמול מלאה שנה שראיתי בפעם האחרונה את אמא. אני מילאתי אתמול את שנת אֵבלי מבלי שימות הכּאב בלבבי. הייתי רוצה שתדעי כמה הייתי אתמול בגעגועי, במחשבותי, במכאובי, אִתך בבּית ואִתה בשדה-הקברות. שׂימי שם פרח בשבילי, אל תלכי שם מבלי לחשוב אודותי, שאהבתי בכל לבי את אֵם ילדתי. די! הנני הולך לדברים של חול.
                        
                        כל נשיקותי,
                        
                        אבשלום.</p>
                </div>
            </body>
        </text>
    </TEI>
    <TEI xml:id="MyTextNumber4">
        <teiHeader>
            <fileDesc>
                <titleStmt>
                    <title><!-- ... --></title>
                    <author><!-- ... --></author>
                </titleStmt>
                <publicationStmt>
                    <p><!-- ... --></p>
                </publicationStmt>
                <sourceDesc>
                    <p><!-- ... --></p>
                </sourceDesc>
            </fileDesc>
            <profileDesc>
                <correspDesc>
                    <correspAction type="sent">
                        <date when="1913-05-24">24.5.1913</date>
                    </correspAction>
                    <correspAction type="sent">
                        <persName>אבשלום פיינברג</persName>
                        <placeName>unknown</placeName>
                        <date when="1913-05-24">24.5.1913</date>
                    </correspAction>
                    <correspAction type="received">
                        <persName>רבקה אהרונסון</persName>
                        <placeName>זכרון יעקוב</placeName>
                    </correspAction>
                </correspDesc>
            </profileDesc>
        </teiHeader>
        <text>
            <body>
                <div>
                    <dateline><date>24.5.1913</date></dateline>
                    
                    <salute>ילדתי הקטנטנה,
                    </salute>
                    <p>
                        
                                                
                        אינני רוצה לבלי השתמש בהזדמנות למען כתוב לך שורות אחדות. הנני מתגעגע כבר מאד מאתמול בערב ועד… הראיון הבא.
                        
                        מה עשית כל היום? לי נראה הדבר כמשונה ומגוחך מאד שנסעתי לשבת… הביתה. כתבי לי בכל פעם שתדעי כי יש הזדמנות. באמת, אין רוח הכּתיבה נח עלי. אינך יודעת כמה מעיק לחשוב כי הינך יושב פה לבדך עם עט חורק ודיוֹתה שחורה, וכי שם רבקה’לה צחה, טריה, מבושׂמה, מקושטה, ושאי-אפשר אפילו לשׂאת שׂפה אליה.
                    </p>
                    <closer>
                        <signed><persName ref="#AvishalomFienberg">אבשלום</persName></signed>
                        
                        די, אלפי נשיקות לך נשמתי,
                    </closer>                
                </div>
            </body>
        </text>
    </TEI>
    <TEI xml:id="MyTextNumber5">
        <teiHeader>
            <fileDesc>
                <titleStmt>
                    <title><!-- ... --></title>
                    <author><!-- ... --></author>
                </titleStmt>
                <publicationStmt>
                    <p><!-- ... --></p>
                </publicationStmt>
                <sourceDesc>
                    <p><!-- ... --></p>
                </sourceDesc>
            </fileDesc>
            <profileDesc>
                <correspDesc>
                    <correspAction type="sent">
                        <date when="1913-06-07">7.6.1913</date>
                    </correspAction>
                    <correspAction type="sent">
                        <persName>אבשלום פיינברג</persName>
                        <placeName>ה, </placeName>
                        <date when="1913-06-07">7.6.1913</date>
                    </correspAction>
                    <correspAction type="received">
                        <persName>רבקה אהרונסון</persName>
                        <placeName>זכרון יעקוב</placeName>
                    </correspAction>
                </correspDesc>
            </profileDesc>
        </teiHeader>
        <text>
            <body>
                <div>
                    <dateline><date>7.6.1913</date></dateline>
                    
                    <salute>אוּבּי חביבי, </salute>
                    <p>
                                             
                        כמה נחמד הוא השבוע הזה! פוֹסטה הולכת ושבה. עם רֵז’ים [משטר] כזה כבר יהיה רע מאד לא לקבל מלה חיה להבּא. לאשרי עוד אבוא לזכרון (כנראה) ביום ג' לפני הצהריים. הבנת, הה, אוּבּילין?!
                        
                        מה שנחוץ לכן תוכלנה עוד לצוות לי או ע“י מוחמד (הפּאַז' [נושא-הכלים] שלך) או ע”י כהן (העגלון).
                        
                        האריג ששלחת לי הלא מספיק לכריכים בשביל גלית, הלא ארוך הוא כאוֹרך הגלות.
                        
                        אלף נשיקות, ילדת נפשי,
                        
                        
                        
                        שרה’לע חביבתי,
                        
                        נשיקה ועוד אחת.
                        
                        אבשלום
                        
                    </p>
                    <closer>
                        <signed><persName ref="#AvishalomFienberg">אבשלום</persName></signed>
                        אלף נשיקות, ילדת נפשי,
                        שרה’לע חביבתי,  
                        נשיקה ועוד אחת.                    
                    </closer>     
                </div>
            </body>
        </text>
    </TEI>
    <TEI xml:id="MyTextNumber6">
        <teiHeader>
            <fileDesc>
                <titleStmt>
                    <title><!-- ... --></title>
                    <author><!-- ... --></author>
                </titleStmt>
                <publicationStmt>
                    <p><!-- ... --></p>
                </publicationStmt>
                <sourceDesc>
                    <p><!-- ... --></p>
                </sourceDesc>
            </fileDesc>
            <profileDesc>
                <correspDesc>
                    <correspAction type="sent">
                        <date when="1913-07-20">20.7.1913</date>
                    </correspAction>
                    <correspAction type="sent">
                        <persName>אבשלום פיינברג</persName>
                        <placeName>unknown</placeName>
                        <date when="1913-07-20">20.7.1913</date>
                    </correspAction>
                    <correspAction type="received">
                        <persName>רבקה אהרונסון</persName>
                        <placeName>זכרון יעקוב</placeName>
                    </correspAction>
                </correspDesc>
            </profileDesc>
        </teiHeader>
        <text>
            <body>
                <div>
                    <dateline><date>20.7.1913</date></dateline>
                    
                    <salute>אוּבּי חביבי שלום!
                    </salute>
                    
                    <p>
                        אוּבּי חביבי שלום!
                        
                        מפטמת את אותי בהבטחות ואפשר להיפקע. הרוסים יש להם פתגם טוב: “פאַקא סאָנצע וידיעט אַטשי וידיעט” – עד שתצא השמש תצאנה העיניים… מילא, כך-וכך אני חש ויודע כי כל בואך הנה לך למורת-רוח ואי-נועם ועושה אַת זה בשלי, לכל הפחות צריך לתת לך לבחור את זמנך.
                        
                        כן, אמא מזכירה אותך שביניכן כבר נגמר והוחלט זה זמן רב שנוסעת את אתנו ליפו לחגיגות הגימנסיה. אַזכּרה זו בזמנה בהיות שהינך נוסעת לעיר-הבירה ותדאגי לכל הנחוץ, יען שהלייט-מוטיב שלך הלא הוא: "ערומה אני – אין מה ללבוש במה שנוגע לנעליים הלא יודעת את איזהם הכי-חביבים לשׂרתי, והאחרים… אף אחד לא שווה לנעֵל את אוּבּי וכולם נחמדים כשהינך צועדת בהם.
                        
                        פה אין חדשות: מוחי ריק, לבי ריק, הכוחות והסבלנות אפֵסים יום-יום. הייתי רוצה לראות איך יהיה כבר לכשתהיי את פה. כך הנני במצב מסוכּן של אפּאטיה ואפיסת מרץ ומחשבה.
                        
                        די, סעי לשלום ושובי בשלום.
                        
                        נשיקה רק אחת אך מקיפה ומעליפה.
                        
                        וכמו אלף ורבבה עוטפת, מצליפה ומלטפת,
                        
                        אבשלום
                        
                        קומיסיון: הביאו לי מחיפו קופסת כדורי ברוּנינג מהמין F.N. (Fabrique Nationale ) זה צריך לעלות (25 כדורים) 4 frs. לערך. חוטים אפורים (גרביים. פבּריקה של אמא), ואבקשך גם אם תמצאי דבר מתאים (לפי טעמך) בשביל קפּוֹט [מעיל] לאמא קני בשבילי. חן-חן.
                        
                        .</p>
                </div>
                <closer>
                    <signed><persName ref="#AvishalomFienberg">אבשלום</persName></signed>                       
                    מילדך עד תמיד,
                    שלום לכל אלה הנרשמים אצלך “ילדים”
                </closer>     
            </body>
        </text>
    </TEI>
    <TEI xml:id="MyTextNumber7">
        <teiHeader>
            <fileDesc>
                <titleStmt>
                    <title><!-- ... --></title>
                    <author><!-- ... --></author>
                </titleStmt>
                <publicationStmt>
                    <p><!-- ... --></p>
                </publicationStmt>
                <sourceDesc>
                    <p><!-- ... --></p>
                </sourceDesc>
            </fileDesc>
            <profileDesc>
                <correspDesc>
                    <correspAction type="sent">
                        <date when="1913-09-08">8.9.1913</date>
                    </correspAction>
                    <correspAction type="sent">
                        <persName>אבשלום פיינברג</persName>
                        <placeName> יפו</placeName>
                        <date when="1913-09-08">8.9.1913</date>
                    </correspAction>
                    <correspAction type="received">
                        <persName>רבקה אהרונסון</persName>
                        <placeName>זכרון יעקוב</placeName>
                    </correspAction>
                </correspDesc>
            </profileDesc>
        </teiHeader>
        <text>
            <body>
                <div>
                    <dateline><placeName ref="#Jaffa">יפו</placeName><date>8.9.1913</date></dateline>
                    
                    <salute>
                        חביבות,
                    </salute>
                    <p>
                                                            
                        אני שולח לכן:
                        
                        סכיני מטבח.
                        
                        Crème idéal
                        
                        Souffre talc
                        
                        בד לחולצת אוּבּי, ותשע וחצי האמות שביקשה שׂרתי.
                        
                        דוגמאות.
                        
                        
                        ***
                        
                        כשמורחים בזאת את הפרצוף מופיע בבוקר שמן ונקודות שחורות. אז צריך לרחוץ במים פושרים ולפדר היטב בגפרית.
                        
                        
                        ***
                        
                        קפוֹט לשרה
                        
                        אריג הקלפים מלוכלך ומוכתם לבלי תוחלת לעשות ממנו דבר-מה. בחרי בדוגמאות כרצונך. מסַפרים שיש משי יפה ולא יקר, יעלה בשביל קפּוֹט עד 12 פרנק. התרצי?
                        
                        
                        ***
                        
                        את האריגים ב-5–6 פר' שולח אני. הם מוצאים חן בעיני. ובעיניכן?
                        
                        כתובנה!!!
                        
                        נשיקות חמות.
                        
                        **אבשלום **
                        
                        הנייר היפה הוא של עכסה, צלה לא בבית.
                        
                        אלק!
                        
                        חמת צלה בוערת עליך ככבשן! ואני שמח וטוב-לב. הלא אמרתי לך לכתוב?
                        
                        שלך,
                        
                       
                        המכתב נשאר יומיים יתירים יען שאיחרתי את העגלה של נתן.
                        
                        </p>
                </div>
                <closer>
                    <signed><persName ref="#AvishalomFienberg">אבשלום</persName></signed>
                    שלום ונשיקות.                
                </closer>     
            </body>
        </text>
    </TEI>
</teiCorpus>
