<?xml version="1.0" encoding="UTF-8"?>
<?xml-model href="http://www.tei-c.org/release/xml/tei/custom/schema/relaxng/tei_corpus.rng" type="application/xml" schematypens="http://relaxng.org/ns/structure/1.0"?>
<?xml-model href="http://www.tei-c.org/release/xml/tei/custom/schema/relaxng/tei_corpus.rng" type="application/xml"
	schematypens="http://purl.oclc.org/dsdl/schematron"?>
<teiCorpus xmlns="http://www.tei-c.org/ns/1.0">
     <teiHeader>
         <fileDesc>
             <titleStmt>
                 <title>מכתבי אבשלום פיינברג</title>
                   </titleStmt>
	        <publicationStmt>
	            <p>מהדורת XML תוייגה על ידי תלמידי הקורס "טקסט בעידן הדיגיטלי", אוניברסיטאת חיפה 2019.</p>
	        </publicationStmt>
             <sourceDesc>
                 <listPerson>
                     <person xml:id="AFeinberg"></person>
                     <person xml:id="RivAaronsohn"></person>
                     <person xml:id="SarAaronsohn"></person>
                 </listPerson>
                 <bibl>
                     פינברג, אבשלום. "מכתבים לרבקה אהרונסון". פרויקט בן-יהודה. אין תאריך. 2019-03-20. https://bybe.benyehuda.org/read/6874</bibl>
                 <bibl>פינברג, אבשלום, and אמיר, אהרן. אבשלום : כתבים ומכתבים. חיפה: שקמונה, 1971. Print.
                 </bibl>
             </sourceDesc>
         </fileDesc>
     </teiHeader>
     <TEI xml:id="Ortal1">
         <teiHeader>
             <fileDesc>
                 <titleStmt>
                     <title><!-- ... --></title>
                     <author><!-- ... --></author>
                 </titleStmt>
                 <publicationStmt>
                     <p><!-- ... --></p>
                 </publicationStmt>
                 <sourceDesc>
                     <p><!-- ... --></p>
                 </sourceDesc>
             </fileDesc><profileDesc><correspDesc xml:id="message1">
                 <correspAction type="sent">
                     <persName ref="#AFeinberg">אבשלום פיינברג</persName>
                     <placeName>חדרה</placeName>
                     <date when="1911-12-14"/>
                      </correspAction>
                 <correspAction type="received">
                     <persName ref="#RivAaronsohn" >רבקה אהרונסון</persName>
                     <placeName>[זכרון יעקב]</placeName>
                 </correspAction>
             </correspDesc></profileDesc>
         </teiHeader>
         <text>
             <body>
                 <div>
                     <opener>
                     <dateline>
                         <date>14.12.1911,</date>  <placeName> חדרה</placeName>
                     </dateline>
                         <salute>  גוזלי הרגזן, שלום.</salute>
                         </opener>
                        <p>
                             <persName>האדון ווזלינסקי</persName>  צריך לכתוב לך.  אף שיש לי הזמנה מידידנו
                            <placeName>לזכרון</placeName>לנסוע מחר אתו יחד , 
                            אף שחשק עז יש לי לקבל הזמנה זו, בכל-זאת הנני חושב כי לכתוב 
                           צריך.  וכלום אפשר להשוות את הרגעים שהנני נותן לך כך, כשהננו לבדנו, עוד יותר, כשהנני לבדי אתך, כשהינך בתוך לבבי, כשאַת משוטטת פה רק במצב נשמה,  
                           כשגופך המכניע והשולט אינו פה, אם אפשר להשוות לביקור את כל זה?  לביקור פשוט? 
                           שערי בנפשך, אני בא... 
                           בבית אנשים טובים ומַכניסי-אורחים.  מי זה, חלילה, יתאפק מהתעניין אם רעב אני או צמא.  למי לא אצטרך לתת מעט מזמני.  לאמך אצטרך לספר את סיפור 
                           האצבע (l'Histoire du couteau);
                           וכלום  <persName ref="#SarAaronsohn">שרה .</persName>עם אחיך אמצא אללללף עניינים אודות מה לדבר.  צריך לבקר את שֵׁם שהינו חולה.  הנה זה כמה לא ראיתי את  
                           ללעוס ולבלוע לא צריך במשך שעה או שתים.  והשעון יעבוד בשקידה למען הודיענו כי כבר צריך ללכת. 
                          שלום! שלום!
                          כמה פעמים אוכל להתגנב, וכמה פעמים תתני לי היכוֹלת של התקרבות גופנית לכל הפחות במשך דק אחד?!... 
                             ***
                             ואיש לא יחשוב ולא ישים אל לב כי אמנם רעב אני גם צמא, כי אל המעיין באתי לשבור צמאוני וכי הוא ממני והלאה.  איש לא יחשוב, אולי גם לא את. ואיש לא יחשוב ולא ישים אל לב כי אמנם רעב אני גם צמא, כי אל המעיין באתי לשבור צמאוני וכי הוא ממני והלאה. איש לא יחשוב, אולי גם לא את.
                             ואת מתאוננת…
                            <persName ref="#AFeinberg">אבשלום</persName>,אולי מוטב למען לענות לך להעתיק את מכתבך: "סבלתי, חיכּיתי, ייחלתי, שאפתי, השגתי, ואבוא אליך.  מאום לא הקשבתי, כלום לא סיפר לי.  בעיני-ברוגז הביט עלי, ונזיפה חריפה.  'אני אבקשך?  לא נאה לי כלל, לא לפי כבודי!'
                             עכשיו אני חושבת כי לוּ ידעת איך הרותחים האלה הכאיבו את תוך תוכי נפשי, איך נכוויתי כולי, אז אולי לא היית מבטא את זה ובאינטוֹנציה כמו שנתת למליך.  על הרגע חפצתי לענות לך, אך מיד נמלכתי לשתוק ולא לבוא בדברים אודות זה, איזה מין רגש גאוה שטף אותי; לבל אַראךָ כי אהבָתי אליך גוברת על שלך אלי".  
                             האהובה! <persName ref="#RivAaronsohn">רבקתי</persName>
                             ייחלתי וַתכלינה עיני, וַתבואי. מאום לא הקשבתי, כלום לא סיפרת. בעיני “עוברת-אורח” הביטה עלי. וכשביקשתי לילה אחד, פגשתי חומה של ברזל ואי-אפשר מוחלט. איזה מין רגש-גאוָה שטף אותי, לבל אַראֵך כי אהבָתי אליך גדולה משלך אלי, בראותי כמה מעט אַת מתחשבת עם תחנוני, כשראיתי כי אל כאבי את עונה בהחלט קר, אז אמנם חשבתי ואמרתי: “אני אבקשך? לא נאה לי כלל, לא לפי כבודי!” לא לפני זרה התחננתי ולא נדבה ביקשתי. ביקשתי את אהובתי, והיא מצאה כי תפסיד אם תישאר אצלי עוד מספר שעות; ואז אמנם לא היה לפי כבודי להתחנן עוד.
                             ***
                             “עם לבי החלטתי כי הודות לעת הארוכה בה ‘התגרלת’ 51ממני, כבר לא מצאת בי כל תועלת ואיזה מראה משונה קיבלתי בעיניך, ואשתוק”.
                             ההחלטה יפה!… "העת הארוכה " (שלושה שבועות)… "התגרלתי ". מתי התרגלתי, באיזה זמנים, למען שאוכל להתגרל? כמדומני כי מהיום הראשון ועד עתה לא הרגילוני הזמן והמזל להרבה נחת, וכשמתראים יום אחד, כותבים אותו בזכרון באותיות-אור.
                             "כבר לא מצאת בי כל תועלת ". פי! המלה המכוערה! נעבור עליה מבלי פירושים, התרצי? הייתי רוצה לדעת מה זה “מראה משוּנה”? שתקת? האם כך את מגינה על אהבה אובדת או בוגדת? אני הייתי מעט יותר חם לוּ היו לי חשדים כאלה…
                             ***
                             זכרונות…
                             ילדה נשכנית ואירונית, מדוע?! יש איזה דבר. <persName ref="#RivAaronsohn">רבקה,</persName>
                             צריך לחפש ואני כבר מרגיש כי הנה, כי עוד רגע – ואהבתי. ולאט-לאט האירוניה נופלת, אני ניגש יותר קרוב. וכבר אפשר לי לשאול בין לטיפה ללטיפה: “מה לך? מדוע לא להאמין? מדוע לא להיות צעירה?” “תולעת שם בלבבי, מנקבת, מנקרת, תולעת של רצח”. “מלחמה לי בתולעת! אני, או היא”. והימים עוברים והחדשים חולפים.
                             ועתה?
                             אחרי כל ההשתדלויות להראות לי באותות ובמופתים כי הינך היותר מכערה, היותר סכלה, היותר טפשה; כיון ששיטה זו לא הצליחה אחזת באחרת.
                             – “אל תתבונן בי!”…
                             לטיפה מעט חפשית.
                             “גס!”
                             מבקשים מעט מזמנך.
                             – יש “איזה דבר” שעוצר אותי (בכל-זאת גם אותי מעניין לדעת מהותו של ה“איזה דבר”). יש לי conscience [מצפּוּן] שלי, מוֹרַל שלי!
                             טוב! מה יהיה אם אעיז מחר לבקש לא מעט מגופך או מזמנך כי אם מעט מנשמתך, אז הלא אהיה הטירן [העריץ] היותר מנבזה, הלא?!…
                             ***
                             52 E pur si move!
                           ובכל-זאת אוהבים; לא כן,  <persName ref="#RivAaronsohn"> רבקה?</persName>
                             ובכל-זאת מתוך תהום היגון וים הצער שואף אני אליך. גוזלת אַת את כל רגעי אלה שהינם שלי ואלה שאינם שלי. בכל-זאת הגעתי כבר למדרגה זו שאיני מצטער על חופשתי אבדה, כי מוצא אני שהרווחתי.
                             מדוע כל הקטנוניוֹת האלה בינינו?!
                             התזכרי את הלילה ההוא, כשהמלאכים הטובים בעצמם העמידו את כל השעונים למען ילכו אנשים ישרים לישון לאור הבוֹקר, ולמען שנוכל אנחנו, כשני ילדים טובים, לשבת על סף הבית, ולשוחח… פה אל פה.
                             ולמחרת נסעֵך עוד לַנתי לילה אחד פה. ובשכבי חשבתי כי איזה חלום ירד על לבבי. ראשי שכב על הכר שישנת עליו ושקלט אל קרבּוֹ את ריח ששערותיך, ואני שכבתי כשיכּוֹר וכנדהם ובלבי מוּעקה של עדן.
                             מדוע אנו מקצצים את כנפינו,<persName ref="#RivAaronsohn"> רבקתי?!</persName>
                             מדוע?
                             האמנם נפגשנו למען להתווכח, להוכיח, להתאונן, לצער, להתמרמר, ולמרר איש חיי רעהו!?…
                             ***
                             די.
                             הייתי מספר לך עוד הרבה, אבל כל מה שעוד אוּכל לספר לא ישמחך יותר ממה שכבר אמרתי. איני מרגיש את עצמי די טוב למען לנסוע היום. כתבי לי, יקרה. אל תתרגזי. חשבי אודותי במעט פחות חשד, אני בטוח שבּנשמתך הזכּה ובלבּך הישר הנני שווה אולי מעט יותר אמון. וחשׂכי גם צער ממך. והיי בטוחה כי בכל זאת, למרות ה- conscience והמוֹרל, הנני ידידך היותר טוב. יען שיש לי ממך ה“תועלת” היותר גדולה (לא כך?!). בכל-זאת אַת ילדתי, ואין לי עליך כל חימה, ולבּי כולו שלך, והינך יכולה לעשות בו כטוב וכישר בעיניך. אבל כמו שכּל מה ששייך לך נוגע לי, הנני מבקשך לחוס על קניינך – לבי – ולא לשׂרפו כליל.
                         </p>
                           <closer>
                               <salute>כל נשיקותי. ילדך,</salute>
                               <signed>  <persName ref="#AFeinberg">   אבשלום</persName> </signed>
                            </closer>
                 </div>
             </body>
         </text>
     </TEI>
     <TEI xml:id="Ortal2">
         <teiHeader>
             <fileDesc>
                 <titleStmt>
                     <title><!-- ... --></title>
                     <author><!-- ... --></author>
                 </titleStmt>
                 <publicationStmt>
                     <p><!-- ... --></p>
                 </publicationStmt>
                 <sourceDesc>
                     <p><!-- ... --></p>
                 </sourceDesc>
             </fileDesc><profileDesc><correspDesc xml:id="message2">
                 <correspAction type="sent">
                     <persName ref="#AFeinberg">אבשלום פיינברג</persName>
                     <placeName>[חדרה]</placeName>
                     <date when="1911-12-20"/>
                 </correspAction>
                 <correspAction type="received">
                     <persName ref="#RivAaronsohn">רבקה אהרונסון</persName>
                     <placeName>[זכרון יעקב]</placeName>
                 </correspAction></correspDesc></profileDesc>
         </teiHeader>
         <text>
             <body>
                 <div>
                     <opener> <dateline>
                         <date>   20.12.1911 </date>
                     </dateline>
                         <salute>רבקטש נורא,</salute>
                       </opener>
                         <p>
                         באתי אתמול באחת-עשרה כמעט שלם. הערב בשמונה תמלאנה עשרים-וארבע שעות שהנני מתגעגע לילדה אחת, שהחליטה להמיתני מרחוק ומקרוב.
                         יש הרבה עבודה ואף שמץ של חשק להתחיל בה.
                         </p>
                     <closer>
                         <salute>הנני בולע אותך. ילדך</salute>
                         <signed>  <persName ref="#AFeinberg">אבשלום</persName> </signed>
                     </closer>
                 </div>
             </body>
         </text>
     </TEI>
    <TEI xml:id="Ortal3">
        <teiHeader>
            <fileDesc>
                <titleStmt>
                    <title><!-- ... --></title>
                    <author><!-- ... --></author>
                </titleStmt>
                <publicationStmt>
                    <p><!-- ... --></p>
                </publicationStmt>
                <sourceDesc>
                    <p><!-- ... --></p>
                </sourceDesc>
            </fileDesc><profileDesc><correspDesc xml:id="message3">
                <correspAction type="sent">
                    <persName ref="#AFeinberg">אבשלום פיינברג</persName>
                    <placeName>[יפו]</placeName>
                    <date when="1911-12-24"/>
                </correspAction>
                <correspAction type="received">
                    <persName ref="#RivAaronsohn">רבקה אהרונסון</persName>
                    <placeName>[זכרון יעקב]</placeName>
                </correspAction></correspDesc></profileDesc>
        </teiHeader>
        <text>
            <body>
                <div>
                    <opener>
                        <dateline><date>24.12.1911</date></dateline>
                        <salute> יונתי הקטנה,</salute>
                    </opener>
                  <p> 
                      רע לי מעל לכל שאפשר להביע.  באמת אינני יודע מה לי, אבל זה זמן רב שלא חשתי עצמי כל-כך כבד, כל-כך מיותר, כל-כך זר...  זר לי וזר לכּל. 
                      <placeName>ליפו</placeName>. נסעו  <persName>וצלה</persName> אמי
                      מבול שוטף היה במשך כל הלילה ובבוקר.  למרות כל התראותי ומחאתי העזה התעקשה צלה כסלע וכפרד.
                      האהבה נולדה למען להיטיב את האנשים אולם לא את הנשים.  בתוך כל אחת ואחת מנמנמת החיה הרעה של התעקשות ואנוכיות של המוּגיוּת (Lâcheté – Gd L)[53] שהיא יסוד כל המין היפה והחלש. 
                      את כל האהבה שרוחשים אליהן, כמה יותר שנוטים להן חולשה וחסד, מעבירות הן תמיד על הגבול המותר, רק abuser[54] הן יודעות.  ואצל אחותי, שהינה כל-כך מפונקה ואהובה, המעלות האלה מפותחות עד למאד. 
                      חששה פן תאבּד – חלילה! – שעה של לטינית או של טריגונומטריה ולא רצתה להישאר יום מיותר.  ניסיתי לא לתת לרתום והנה העלמה במיטה, כבר מסכנה.  לוּ ראית איך שנרפאה מהר כשצריך היה לנסוע.  רק לפני שבועיים שכבה יותר משבוע.  ניבאתי לה התקררות, מחלה, מיטה. 
                      <placeName>ביפו! </placeName>אשכב, אבל
                      וכמו שלא ע"פ האופנה לתת שתי מכות-לחי לאחות בת שבע-עשרה, נשׂאתי בשרי בשיני ואשתוק.  גם אמי (אתמול עוד שכבה חולה עד הערב, וקמה רק למען לחבוֹש חפציה והחפצים של המיזינקה[55] שלה!) כבר גנחה ונאנחה שוב כשהחלטתי שלא נוסעים, וַתתהלך סגורה, קודרת, חיורת.  אבל מצאה מבטאיה היותר טובים למען לדבר על לבי כי צריך לנסוע. 
                      – לא אקשור אתכן, אבל לא אתן הסכמתי!
                     ובכן הן הלכו ואני צריך לשבת ולרעוד פה שמא תישבר העגלה, שמא לא ייצאו הסוסים מן הבּצות, שמא תתקררנה ותחלינה.
                     הוי! חמור אין-אוכּף!
                     רוצה לנסוע ודווקא בלי אמי  <persName>צלנקה</persName>. וכך בכּל.  גם ללמוד.  . 
                     חופש בשביל הנשים ואֶמנסיפּסיוֹן! אורה! ואחרי אשר אנחנו נסבול ונשתוק, יען שמוכרחים אנו. יבוא איזה סכל, יתאהב, וההוא בוודאי מותר יהיה לו לסבול.
                     אלה תולדות “נשי היום”.
                     הבת האהובה שאליה מתגעגעים ואודותיה מדברים<persName>שושנה’לע </persName>ואחרי זה אצל אמי תהיה
                      ה“קטנטונת” היקרה שסוחבת את הנשמה למקומות שתלך. <persName>צלנקה</persName>בדמעות-עיניים.
                     ואני הבן הרע והרגזן, האח המיותר והאכזר… הטירן! [העריץ] כן, הלא זאת היא המלה הקדושה לכל החַלשות המסכנות שאנו מענים בחיים.
                     אופל ואבדון! חזיז ורעם! ירא אני מפני עצמי. יש לי חשק לפרוץ בצחוק של שגעון עד לזעזע הקירות. יש לי תאוות של טרף ורצון לשסע איזה דבר, לקרוע, לשבּר, להחריב. להיות כושים, עבדים, לזאת נוצרנו. אולם עוד להיות כושים בענייני נשמות, אבל לא! יחי ניטשה! 56
                    (Wann   du zu Weiber gehst dan nimm mit eine Peitsche )
                     אינני יודע גרמנית, אבל הביאור ידעתי! אל האשה תלך? שוטך קח!
                     תוכלי להחביא את מכתב-הרעל הזה. אלה לא תלונות-מעבר לא זעם-חולף. יש סיבּות חיות בשר-ודם שישתדלו שזה יהיה תמיד תמיד כך מבּלי פתרון ומבּלי מוצא. ומי יודע מה תעשה ממני הסוּפה? זכרי כשתרצי לאמור על אחיך או על הגברים בכלל את שמות-התוֹאר היפים שכבר אמרתי. ברגעי הבריאים כשהעינויים מכריחים אותי להגיד את האמת הנני אומר כי הנשים נולדו למען להיות אסירות. אסירות-כוח, אסירות-חובה, אסירות-אהבה, אחת היא לי, אבל אשרי העם שככה לו, אשריו וטוב לו. וארורים אלה שבאים למלאות בחלומות של גבר הלבבות שנבראו לתכלית אחרת. ארורים אלף פעמים ואחת!
                     די לנהום! אצא מעט. הרוח עזה, אולי ירווח לי.
                  </p>
                    <closer>
                        <salute> שלום ונשיקה,</salute>
                        <signed><persName>  אבשלום</persName></signed>
                    </closer>       
                </div>
            </body>
        </text>
    </TEI>
    <TEI xml:id="Ortal4">
        <teiHeader>
            <fileDesc>
                <titleStmt>
                    <title><!-- ... --></title>
                    <author><!-- ... --></author>
                </titleStmt>
                <publicationStmt>
                    <p><!-- ... --></p>
                </publicationStmt>
                <sourceDesc>
                    <p><!-- ... --></p>
                </sourceDesc>
            </fileDesc><profileDesc><correspDesc xml:id="message4">
                <correspAction type="sent">
                    <persName ref="#AFeinberg">אבשלום פיינברג</persName>
                    <placeName>חדרה</placeName>
                    <date when="1912-01-06"/>
                </correspAction>
                <correspAction type="received">
                    <persName ref="#RivAaronsohn">רבקה אהרונסון</persName>
                    <placeName>[זכרון יעקב]</placeName>
                </correspAction></correspDesc></profileDesc>
        </teiHeader>
        <text>
            <body>
                <div>
                    <opener>
                        <dateline>
                            <placeName>  חדרה,</placeName>
                            <date>   מוצאי-שבת, 6 ינואר, 1912</date>
                  </dateline>
                        <salute>  אפרוחי</salute>
                    </opener>
    <p>
        – חמור,[57] .  <persName>יעקב סמסונוב</persName>
    והא' שֵׁם אהרנסון – טיפש. ואַת הינך ילדה רעה ולא יותר. ישבתי אל השולחן עם מחשבות של געגועים אליך ואחשוב אודות יום-השבת העבר, והנה בא מכתבך. אבל שמחתי היתה בת-רגע, עד החילי לקראוֹ. 
    היקרה הנני מתחנן לפניך, ילדתי הקטנה, אל תגזימי את רגשותיך, אל תגזימי תנועותיך, אל תנגני על עצביך, כי המידות הרעות האלא מזיקות מאד. זכרי שיחותינו אודות הספרים הרעים, הקריאות העוכרות, זה מאותו מין. אלה הם ג’סטים ליטררים ולא יותר. הלא את יודעת כמה מכאיבים הם לי, כמה מוחא אני נגדם ולוחם בכל מאמצי כוחי, ואיך אני מבקש להכניעם ולהשקיטם גם ברגעים היותר נעימים ויקרים לי. הינך שוכח את עצמך, הינך מאושר. <persName ref="#RivAaronsohn">רבקתי ,</persName>
    והנה פתאום שירה חדשה באזניך: “ילדי המסכן! ילדי האומלל! ילדי הסובל! אוי כמה אתה אומלל! כמה נורא אתה סובל!” השכינה גזה. קור חולף. החלום מת. התעוררת. נדהם, משתומם, קר, הינך שואל את עצמך מה היה לך כי כה מהר גז האושר? פיטפוט של אשה ולא יותר, שחלמה “עורבא פרח”, האמינה, השחירה את עורבא, הגידה ויגדל שבעתיים וירך לבה – ותתאבּל. כך אין עושים בכל-זאת. גבורה, ילדה, גבורה! ואיזהו גיבור? הכובש את יצרו, אמרו חז"ל.
    ***
    ולמען להתאכזר (בפירוש!), למען לתת לך שיעור, הנני לנתח קצת מכתבך. הלא 58 sous entendu בינינו כי את הרגש שדוחף אותך הנני יודע וכי יקר הוא לי מכל בחיים, אבל הלא יש בקורת. יש טוֹן.
    הביטי:
    …“ועתה אני כמשתוללת, לא אדע מה לחשוב. אף כי כתבת בעצם ידך כמה מלים, בכל-זאת זה לא מרגיעני, אף במקצת, כי נפש כמותך יכולה לכתוב אף גם עוד למעלה מחום של ארבעים. הנני מחכּה, מיחלת באי-סבלנות, לשיבת השליח, לראות מה אתך”.
    – מה שאת כותבת יותר בנוסחא זו, את משתוללת יותר. הפנטסיה עובדת, חשדים מחשדים שונים. 
    ואני דווקא כתבתי בעת שהחום כבר נפל, ודווקא למען שלא תתרגזי. ובכן? כן! את אוהבת אותי, לוּ הייתי איזה טיפש, איזה הודי מתנפח, הייתי גאה מאד, אבל אך-ורק באהובתי, <persName ref="#RivAaronsohn">העלמה רבקה אהרנסון</persName>
    . וכמו שעשית בלבי כבר מעט נסיעה במסילת העתיד, טונים, חשדים, “ווייבערשע שטיק” 59
    כאלה ממלאים אותי עצב רב. דעי לך, <persName ref="#RivAaronsohn">רבקה’לה</persName>, כי בעוד שנתיים, שלש, עשר, אלך גם-כן אל הקור, אל החום, אל הסכנה, אל האי-ידוע והאַוונטורה, וגם אם אוהבך אז אלף מונים אל תנסי לעצרני כי אדחפך כגס, ועברתי על פניך, זכרי זאת… וּראי כמה את ילדה, תולה את יהבך בשליח ואפילו לא אמרת לו – בלי ספק – שימסור המכתב לידי ומחויב להביא תשובה. בא, מסר למי שהוא. טוב ששלחו לי הביתה. השליח הלך. אני לא מצאתי פה שליח ובושתי בפני עצמי לשלוח פרש מן החצר בשביל שטות כזו, ומה העוד תתרגזי?!…
    “הינך רואה, מחמדי, זה הוא שׂכרך על הנהגתך הפוחזה, עכשיו אולי זה ילמדך לחדול מדרכים כאלה”.
    אחלַי! מורל מעין זה מוצאים בכריסטומטיות לילדים; בבקשה לא לקרוא את הנהגתי לפוֹחזה. כי בזאת את עושה כל רגשותי לקלים, קלי-דעת-וערך, ולילדותיים. אני אוהב, מתגעגע ויודע כי אוהבים אותי, קוראים לי ומחכּים לי. היתר זה כבר ענין ביני לבין עצמי. וחושבת אַת אותי למוג-לב מאד אם דעתך שאסור אחרי מעט קדחת מדרכי אלה…
    “כמה שתסבול, וכמה נשמתי מפרכּסת סוֹררה”.
    זאת שאמרתי קודם, מה “הכּמה שתסבול” עושה פה?! כוח דמיון חולה שמצייר לו תמונות-בלהות ובורא לו פירכּוסי-נשמה וחרדות-שווא!…
    “הא? טוב לנו היום? ואמא מסכנה, הן החלק הכי גרוע יפול לה, מה תגיד היא?”
    כמה פעמים אמרתי לך וביקשתיך שרק אל תדאגי במכתביך אלי לאמי, ואל תמלאים בכל מיני תהילות ותשבחות לצלנקה הקעצעלע, ועוד כאלה. אמי באה, ראתה, התעניינה. היתה עייפה מעמל הדרך ושכבה לישון כאשר צריכה לעשות אשה עייפה, נורמלית, בלי סנטימנטליות ואקספנסיביוּת 60 ( xpansivité )
    יתירה, עלי שמר ניסן61, והכל על מקומו בא בשלום.
    “אני רוצה לקוות כי כבר שבת לאיתנך, ובכל-זאת לא אירגע אף רגע”.
    רצון של חכמה, מעשה של טיפש.
    ***
    “למה לא כתבת לי כלום אודות חלייך?”
    חליתי, בואי”, הייתי רותם, מוסר פתקא נאה זו ומחכה לך. <persName ref="#RivAaronsohn">“רבקתי,</persName>לוּ אפשר היה לכתוב לך:  
    אבל הלא ידעת טוב ממני. ובכן, הלא יודע אני את “נפש בהמתי” לעשות אותך למשוגעת לשבוע שלם, ואחר להתרגז בעצמי יום-יום, לכתוב מכתבים ולשלוח שליחים מתוך קדחת למען הרגיעך?
    “כל-כך לחלות כל-כך, אוי לי”.
    עוד הפעם? חזיז ורעם!!
    “ואם יש בכוחך לשׂרטט כמה שורות אל תשכּח להודיעני מה היה לך. ואיך מצבך עתה, והכל אשר לכל”.
    62
    Pour qui me prends-tu?!
    אם יש לי כוח לשׂרטט שורות אחדות?… לוּ היית פה הייתי מראה לך כי עוד יש לי כוח. היום כבר נאבקתי עם ניסן ואַפּילהו כזבוב. יש לי תאבון של זאב, והכל טוב. היתה לי קדחת פשוטה ומפושטה. עכשיו די. חבל רק על החלומות היפים של שעות הקדחות האחרונות. חלומות מזהירים עברו כלהקות פרפרים, מאות דפים כתבתי, גבוּרות חוֹללתי, נפלאות עשיתי, מאות ומאות דפים נכתבו ככה שהלכו לאבדון. וחשוב חשבתי על אותה מיטה שעליה גווע אבי, כי על סף המוות מי יודע כמה מחשבות חשב וחלומות חלם, הלהבה האחרונה טרם כבוֹת המדורה לנצח, אשר מהם לא הגיעַנו אף הגה, אף הד. רק חולשה גופנית ורוחנית, עצב מעט וקצת מרירות, מרירות של אירוניה על הגוף והנשמה ששבו לאיתנם ושהינם אין-אונים לברוא:
    היה חלום, גם הוא עבר…
    ***
    …“כי הלא בינינו לבין עצמנו, אם לא באשמתי חלית? הן כל הכל בשלי, מראשית ועד כָּלָה. לוּלא אני, לולא ישוּתי, לא היה קורה כל זאת”.
    הוי יונה פותה, מתי תחדלי מאלה. לולא, לולא, לולא נולדתי אזי הלא לא סבלתי כלל בחיים. את יודעת הלא כי אני בכעס על אחי הגדול שמת כה מהר. כשאני מביט על שרה, באמת לוּ גם אני עשיתי כמוהו הן לא היו צרות כלל 63. אבל למי היה אז צר עליך, הן אחיות קטנות אין לך, וגם זה חבל מאד. אבל די לפטפט שטוּתים. – – –
    </p>
                    <closer>
  <salute>  כל נשיקותי, חביבתי האהובה,
    ילדך, שאַת נפשו,</salute>
                        <signed><persName ref="#AFeinberg">אבשלום</persName></signed>
                    </closer>
                </div>
            </body>
        </text>
    </TEI>
    <TEI xml:id="Ortal5">
        <teiHeader>
            <fileDesc>
                <titleStmt>
                    <title><!-- ... --></title>
                    <author><!-- ... --></author>
                </titleStmt>
                <publicationStmt>
                    <p><!-- ... --></p>
                </publicationStmt>
                <sourceDesc>
                    <p><!-- ... --></p>
                </sourceDesc>
            </fileDesc><profileDesc><correspDesc xml:id="message5">
                <correspAction type="sent">
                    <persName ref="#AFeinberg">אבשלום פיינברג</persName>
                    <placeName>[חדרה]</placeName>
                    <date when="1913-10-03"/>
                </correspAction>
                <correspAction type="received">
                    <persName ref="#SarAaronsohn">שרה אהרונסון</persName>
                    <placeName>[זכרון יעקב]</placeName>
                </correspAction></correspDesc></profileDesc>
        </teiHeader>
        <text>
            <body>
                <div>
                    <opener>
                        <dateline><date> 3.10.1913</date></dateline>       
                        <salute><persName ref="#SarAaronsohn"> שרה'לה,</persName></salute>
                    </opener>
                    <p>
    אותך יש לי חשק איום לקרוא: מַדמַזל בקיצֵר.  כ"כ מעט את כותבת לי שבאמת בושה להגיד.  חן-חן לך בכל זאת בעד ברכותיך החמות, ילדתי הטובה.  אומרים הרוסים: מן הטוב – קח מעט.  אני דווקא הייתי לוקח הרבה, אולם לית ברירה.  כל ברכה הבאה מלבך, נובעת בלי ספק ממעיין בדולח; ותמיד תמיד אחוש רגש של רוך, טריוּת ואורה, לקרוא את אותיותיך המטושטשות, ומאמריך הקטועים והחטופים; מעל לכל אלה מרחפים מבטך השקוף והרך כשמי ארצנו באביב, שׂחוקך המאיר ונובע מבלי הפוגות, ואצבעותיך הלטיפים שהנני מכסם בנשיקות. 
                    </p>
                    <closer>
                        <salute> שלך תמיד,</salute>
                        <signed><persName ref="#AFeinberg">אבשלום</persName></signed>
                    </closer>
                </div>   
              </body>
          </text>
    </TEI>
    <TEI xml:id="Ortal6">
        <teiHeader>
            <fileDesc>
                <titleStmt>
                    <title><!-- ... --></title>
                    <author><!-- ... --></author>
                </titleStmt>
                <publicationStmt>
                    <p><!-- ... --></p>
                </publicationStmt>
                <sourceDesc>
                    <p><!-- ... --></p>
                </sourceDesc>
            </fileDesc><profileDesc><correspDesc xml:id="message6">
                <correspAction type="sent">
                    <persName ref="#AFeinberg">אבשלום פיינברג</persName>
                    <placeName>חיפה</placeName>
                    <date when="1914-06-17"/>
                </correspAction>
                <correspAction type="received">
                    <persName ref="#SarAaronsohn">שרה אהרונסון</persName>
                    <placeName>[תורכיה]</placeName>
                </correspAction></correspDesc></profileDesc>
        </teiHeader>
        <text>
            <body>
                <div>
                    <opener>
                        <dateline><date>17.6.1914,</date><placeName>חיפה</placeName></dateline>
                        <salute>האהובה, שלום. <persName ref="#SarAaronsohn">שרתי</persName> </salute> </opener>
                    <p>
                         סוף-סוף קיבלתי ממך מכתב, ואפשר אמנם לאמור את אשר יגידו הצרפתים: Ce n'est pas trop tot.  ידעתי כי אלף תירוצים שונים ומדויקים נמצאים תחת ידך, אבל העובדה היא שבמשך 6 או 7 שבועות חיכיתי לידיעותיך. 
                         אתמול בערב קיבלתי עוד טוב ממכתב.  זהרה ושושנה הביאו לי דרישת-שלום חיה ומפורטת ממך, ואני שמחתי כמוצא שלל רב.  נדמה לך כשהינך חושב שקושטא בקצה התבל ושאת נסעת זה ימים ועידנים. 
                         מכתביך כשהם לעצמם אינם משמחים ביותר, אבל הנני מודה שבלבי חיכּיתי לשכּאלה, ואינני מתפלא עליהם כל שהוא.  ידעתי שנסיעה, ולוּא אפילו נסיעה כמו שלך, זה קרע שלא במהרה יאַחה ויקרים עור, ומובן שבּכל מכתב ומכתב יזוּב הפצע.  אולי הרגל של הרבה שנים יכול לישן ולהשכיח קצת את ייסורי הגעגועים, אבל בשבועות הראשונים אין לקוות כלל.  נוסף לזאת הלא חיה וקיימת התקוה שכל זה רק "זמני" ובטרם שנפרדנו ממך הלא כבר ביצבץ – ולוּ גם בלי ידיעתנו – בתוך הלב רגש-התוחלת, הלא בטרם לכתך כבר חיכּינו לך. 
                         ולי הרגש הזה חולני ממש <persName ref="#RivAaronsohn">לרבקה</persName>אינני מדבר אודות האחרים, אבל במה שנוגע .  
                         אינך יודעת, ילדת-געגועים חביבה, ואינך יכולה לשער, כאשר גם אנו לא ששיערנו זאת מקודם, איזה נתח עצום מלבי לקחת בכליך.  את "חלק-האריה" חלקת לך, לנו כמעט שלא השארת כלום.  לעתים קרובות, בבית, הנני שוכח כלל ששׂרתי גזה ואיננה, עוד בפינה היחידה שנשארה נקיה ומוּארה בלב, חי אותו הרגש שבּצר לי ארכוב ונסתי אל "הילדות".  אולם כשאני מתחיל עולה בדרך הזוחלת ונושכת את צלעי ההר ומתחיל לחשוב על הבית ועל אשר בו, והופיע לעיני "המקום הריק" ומועקה גדולה תעיק על לבבי.  הנני נכנס, והנה לגינה אין צבעיה מימים-ימימה, כמדומני כי גם בשׂמיה נחלשו, והילדה, הילדה היחידה עכשיו והבודדה יושבת נוּגה ועצובה, יושבת וחולמת.  ויודע אני על מי ועל מה מחשבותיה, וכיבּדתי את שתיקתה ואת געגועיה ולא ארצה להפריעה בעבודתה, ויודע אני כי חופרת היא בבית-הקברות אשר בלב, למען הקים מקברם ימים אשר חלפו מבּלי שוב עוד.  ומרחם אני על "האחות הקטנה"; יודעים אנו היטב איש את מחשבות רעהו, ואף אם לא נעלה הגה על דל-שפתותינו, אף אם בחשכה נשב ולא ראינו איש את פני רעותו, אבל קרוא נקרא כאשר יקרא האיש בספר בצהריים – ושתקנו. 
                         אולם בחדר עומדת מיטתך הריקה, ורודפת היא את המחשבה ומרגיזתה מבלי תת לה מנוח.  וכל פינה, וכל חוט, וכל איושה מדברים בך.  ונדחקים אנו, שני הנשארים, איש אל רעהו, והתאווינו לשכוח.  אולם חוק הטבע הוא:  שנים לא ימלאו שלושה מקומות – והחסר חסר... 
                         יותר מכּבלי דם ואחוה קשרו אותנו אהבתנו, ההרגל, והעינויים המשותפים.  אלה הם דברים שלא ימותו.  ולכן חסרון האחד בעיני הנותרים נחשב כמיתה זעירה. 
                         אבל כמה אנוכיוּת בדברינו.  אם אנו שנשארנו עם "שלום" בבתינו הננו כך מתאוננים, כמה קשה ומר לך.  הלא את, ילדה, הינך עכשיו אחת ויחידה, ומבוקר עד ערב בודדה ועגומה.  ולבּנו אליך, שׂרה, כל לבּנו וכל אהבתנו. 
                         זוכרת אַת את ה"מעשיה" שכמה פעמים שתקנו עליה: "הבת למחרת אחרי החתונה מתכוננת לנסיעה, דומעת ובוכיה.  האם מנחמת: אל לך, בתי, לבכות.  הלא עם בעלך את נוסעת, הרי גם אני נסעתי, וגם אני עזבתי בית הורי.  והבת עונה:  טוב לך לדבר, הלא אַת נסעת עם אבא, ואני נוסעת עם איש זר".  שתקנו והשתעשענו, ילדים היינו.  וצריך להודות שהרבה אמת וצדק יש בדבר. 
                         כמה מעלות טובות להרגל עלינו.  ואף שהמשורר Sully Prudhomme אמר: 
                         L'Habitude est une etrangere
                         Qui supplsnte en nous la raison; 
                         C'est une ancienne menagere
                         Qui s'installe dans la maison[13]
                         היא טובה ונחוצה מאד מאד.  ההרגל הוא דבר גדול ונכבד.  ותנאי הכרחי להרגל זה זמן מספיק צריך להודות כי בתור   menagere. 
                         יודע אני להעריך את האהבה לערכּה הכי-רם, ומוקיר אני אותה מאד-מאד.  אבל גם מדוּרת האהבה הכי גדולה איננה יכולה לעשות את העבודה האטית והבטוחה שעושים חיי יום-יום, שחוצבים, פוסלים, מיפּים בהקצעה ובהתאם את אָפיים וחייהם של שני אנשים שנועדו לחיות יחד.  הגידי מה שתגידי, אבל שני אנשים גם הם אוהבים, אבל שאינם מכירים, או בהשתמשנו במבטא הריאלי של תורתנו, אינם יודעים כראוי איש את רעהו, נשארים כשני מתנגדים העומדים איש לעומת רעהו, ומבקשים לתפוש כל רמז, כל הגה, כל מבט, למען לתכסס ולמען לדעת איש את רעהו, ולדעת להישמר ולהשתמש.  מוכרח לעבור הזמן הנחוץ למען יעשו הצדדים איש לרעהו את הוויתורים הדרושים, ולמען ישרישו איש בלב רעהו.  הלא אלה דברי תמיד: לא די לאהוב, צריך לעמול ולרצות שאיש יכּה בלב רעותו שרשים עמוקים בל ינותקו, ולכל זה צריך חיים משותפים, והלא את תביני מה המלה הזאת אומרת בפי. 
                         נדמה לי שבעלך לא נותן לך די זמן.  הייתי רוצה שיידע כמה וכמה תפקידים של כמה וכמה אנשים צריך הוא למלאות עתה על-ידך, מלבד תפקידו שלו – התפקיד הראשי.  אם חושב הוא כי מה שהוא "מקריב" לך מספיק למען מלאות את חסרון המולדת, המשפחה והידידים, חושב הוא אותנו למעט מאד, וזה לא לכבוד לנו.  מוטב היה אולי שיעשה פחות "עסקים", ושתחדלי, אִנשאללה, להתגעגע אלינו כלל.  אם לא, יצטרך שתשובו יותר מהר מאשר חשבנו. 
                    </p>
                    <closer> <signed> <persName ref="#AFeinberg"> אבשלום</persName></signed></closer>
                </div>
            </body>
        </text>
    </TEI>
    <TEI xml:id="Ortal7">
        <teiHeader>
            <fileDesc>
                <titleStmt>
                    <title><!-- ... --></title>
                    <author><!-- ... --></author>
                </titleStmt>
                <publicationStmt>
                    <p><!-- ... --></p>
                </publicationStmt>
                <sourceDesc>
                    <p><!-- ... --></p>
                </sourceDesc>
            </fileDesc><profileDesc><correspDesc xml:id="message7">
                <correspAction type="sent">
                    <persName ref="#AFeinberg">אבשלום פיינברג</persName>
                    <placeName>זכרון יעקב</placeName>
                    <date when="1914-09-21"/>
                </correspAction>
                <correspAction type="received">
                    <persName ref="#SarAaronsohn">שרה אהרונסון</persName>
                    <placeName>[תורכיה]</placeName>
                </correspAction></correspDesc></profileDesc>
        </teiHeader>
        <text>
            <body>
                <div>
  <opener>
    <dateline>
        <date>   ראש-השנה, תרע"ה 21.9.1914</date> <placeName> זכרון-יעקב, </placeName>
    </dateline>
      <salute>
    לשנה טובה תיכתבו ותיחתמו.
    שׂרת לבי היקרה,</salute></opener>
                    <p>
    זה-עתה שבנו, אחותך הקטנה ואני ילדך החולם, מבית-הקברות. 
    הוצאנו מסירי הפרחים את זרי החג.  בין ירקם הבהיר והמאובּן של עלי הטוֹיה הבהיקו כוכבים אדומים ומבושׂמים, יפות-הלילה, ומחרזות ענפי הצמחים המטפסים בניצניהם הצהבהבים, השׂעירים, הרועדים כנזר, שׂמו קישוט-תחרים זהובים לירוק. 
    רציתי לחלק את הזר לשנים: אחד בעד שרה.  אבל אוּבּי הבטיחה כי די לשתף את כולנו במחשבה. 
    דומם ישבנו בין הקברים.  בשמיים היבהבו וקרצו כל צבאות הכוכבים, ועל יריעת הלילה הכּהה הצטיירו רק תבניתם השחורה של עצי הארז והאקליפטוס ועקביהם הלבנים של הקברים העומדים דוּמם בשורה. 
    ישבנו דומם וסביבנו השקט הגדול.  והלב שר את ה"יזכור" שלו.  אזכרה של כאב וגעגועים, אזכרה של חרבות ועיים, אזכרה למתים ולחסרים, לכל אלה שהלכו ולקחו חלק מהוויתנו, לכל אלה שהיו ונשארו דם מדמנו וקרע מנשמתנו, אשר הלכו ויעזבונו בלתי-שלמים, עבדים לגעגועינו, ומשועבדים לזכרונותינו החומסים יום-יום מעט לב, מעט דם ומעט חיים. 
    זרם ה"אזכרה" הלך ושטף.  והלב היודע את כל רזי הידעוֹנים וסודות בעלות-האוב, הקים את כולם מן הקבר וישב כולם ממרחקי-ארץ. 
    רבות, רבות חשבתי גם עליך, נפש יקרה, ורוצה אני לנסות לשׂיח מעט אתך, להישקע ולצלול – רק לוּ יהי רגע – בזכרונך. 
                    </p>
                </div>
            </body>
        </text>
    </TEI>
     <!-- More TEI Documents -->
</teiCorpus>
