<?xml version="1.0" encoding="UTF-8"?>
<?xml-model href="http://www.tei-c.org/release/xml/tei/custom/schema/relaxng/tei_corpus.rng" type="application/xml" schematypens="http://relaxng.org/ns/structure/1.0"?>
<?xml-model href="http://www.tei-c.org/release/xml/tei/custom/schema/relaxng/tei_corpus.rng" type="application/xml"
	schematypens="http://purl.oclc.org/dsdl/schematron"?>
<teiCorpus xmlns="http://www.tei-c.org/ns/1.0">
    <teiHeader>
        <fileDesc>
            <titleStmt>
                <title/>
                <author>author</author>
            </titleStmt>
            <publicationStmt>
                <p>Publication Information</p>
            </publicationStmt>
            <sourceDesc>
                <p>פינברג, א'. (אין תאריך). מכתבים לרבקה אהרונסון. [גרסה אלקטרונית]. פרויקט
                    בן-יהודה. נדלה בתאריך 2019-04-03. https://bybe.benyehuda.org/read/6874 </p>
                <p>פינברג, אבשלום, and אמיר, אהרן. אבשלום : כתבים ומכתבים. חיפה: שקמונה, 1971.
                    Print.</p>
            </sourceDesc>
        </fileDesc>
    </teiHeader>
    <TEI xml:id="Samara17">
        <teiHeader>
            <fileDesc>
                <titleStmt>
                    <title><!-- ... --></title>
                    <author><!-- ... --></author>
                </titleStmt>
                <publicationStmt>
                    <p><!-- ... --></p>
                </publicationStmt>
                <sourceDesc>
                    <p><!-- ... --></p>
                </sourceDesc>
            </fileDesc>
            <profileDesc>
                <correspDesc>
                    <correspAction type="sent">
                        <persName>אבשלום</persName>
                        <settlement>חדרה</settlement>
                        <date when="1911-10-17">17-10-1911</date>
                    </correspAction>
                    <correspAction type="received">
                        <persName>רבקה</persName>
                        <settlement>זכרון יעקוב</settlement>
                    </correspAction>
                </correspDesc>
            </profileDesc>
        </teiHeader>
        <text>
            <body>
                <div>
                    <dateline>
                        <placeName> חדרה </placeName>
                        <date>1911.10.17</date>
                    </dateline>
                    <salute>רבקתי,</salute>
                    <p>לילה, בדידות וכאב. מחפש אני סביבי בתבל אל מי או אל מה לקשוֹר את מחשבתי הנוגה,
                        והוגה אני בך, ולבי אליך, והעבודה היחידה שהנני יכול לעשות ברגע הזה – הזה אולי
                        אומרת גם אתמול גם מחר – העבודה היחידה היא לכתוב לך. איה הם הרגעים שהייתי
                        מתישב למען לכתוב לך, שהייתי משתדל לחשוב במקוריות, להרגיש בהתרוממות ולכתוב
                        נאה למען שימצאו דברי יותר בנקל את מסילות לבבך?... אַיָם הרגעים ההם; לי נדמה
                        שזה כל-כך רחוק, כל-כך אי-אפשרי, שזה קרה במשך חיים אחרים על אדמה אחרת, חיים
                        וארץ שעברו מבלי שוב... מה יתן ומה יוסיף לי עכשיו לחפש מלים. הלא כך וכך כבר
                        ראית אותי בכל כיעורי ובכל חולשתי, ועתה מה?... רציתי לכתוב לך עוד ביום. היתה
                        הזדמנות לשלוח, ועם הזדמנות צריך להתחשב במצב שהננו נמצאים בו עכשיו. ולוּ ידעת
                        למה לא כתבתי. בזמן אחר הייתי בוש להודות, אבל הלא כבר חדלתי להסתיר ממך כלום.
                        ישנתי, כן, אל תתפלאי. הייתי כל-כך רצוץ, כל-כך יגע עד שגם בשבילך לא יכולתי
                        לקחת את העט בידי. שכבתי אין-אונים. הגשם שרָעַש והתרגזוּת עצבּי עוד נלחמו
                        שעות אחדות נגד העייפוּת. לבסוף נכנעתי לפני תרדמת-העופרת וכשהתעוררתי היה
                        חושך, ערב, מאוחר... * יצא כך שממש למלאות השבוע יצאתי מיפו. באתי עם עגלתנו.
                        היא היתה טעונה משׂא לעיפה. נסענו כל הלילה. בּגַלגִילָה[31] התחיל לטפטף גשם.
                        הגשם הראשון! בכמה שמחה אני פוגש אותו כל שנה, הלא הינך יודעת. הוא בא לבשׂר
                        חיים, שדות עוטים בר, עבודה, מוציא הוא אותנו מהמצב האי-ברור של הסתיו המתרגז,
                        ואני אוהב אותו. והפעם פגשתיו במרד ובהתמרמרות. יראתי פן יתקלקלו דברים שונים
                        שהובלתי; והעננים השחורים והלחוּת והעייפוּת, והרטיבות והעצב, והכל העיק כל-כך
                        נורא על לבי. נדמה לי כי שׂריד אני מאיזה מחנה שנוּצח, פליט שנס מנוסת חרב
                        ותבוסה, שחי אני חלום-בלהות, וכי רק עם סוף החיים יהיה סוף החלום. ובכל זאת עלה
                        השחר, ואני הגעתי. * איזה חורבן! כל מה שראית ברגע הראשון, לא-כלום; אפס ואין.
                        ברגע הראשון מעיבים על המבט הדמעות. הכל עוד בערפילי הכּאב מתעטף. בוכים ואין
                        זמן להתבונן, לבחון ולמדוד. אני לבדי בביתנו. לבדי. נדמה לי שנשמה חוטאת אני,
                        שהוגליתי לתוך קבר גדול. האמנם זה הוא המזנון, זה הוא המיחם, הכּיסא, הדיוֹתה?
                        לי נדמה כי כוּלם שינו פניהם, כי אחרים הם. חדר האבות ריק. אמא? כן, ביפו.
                        אבי?!... לא, לא יוכל היות. גם הוא ישוב, המיטה עומדת כאילו מחכה עליו.
                        אי-אפשר! חלום ריק! איך?! הנה קנה-הדיגריות שלו, זה עכשיו בחפּשׂי מה ללבוש
                        פגשתי את בגדיו, ע"פ טעות לקח אתו לדמשק את כובעי, אני רואה עוד את הצחוק שלו:
                        "הלא אנחנו שותפים", אמר לי. את הכובע הזה לבשתי זה עכשיו. אבא בוודאי יכּנס
                        עוד רגע, אנה הלך?... אבל הנה התרמומטר, כלי ארור! המידה האחרונה... כ-°35. זה
                        כבר בישׂר את המוות. הנה הספוג שרחצתי בו את פניו, אחרי שמת, למען שיצלמוהו.
                        אה, כן! אבא הלך רחוק. הוא לא ישוב... לא! כל אלה, קנה-העישון, צנצנת הסַחַרין,
                        הספוֹג, המיטה, הכל כבר לא ישמש. מת, מת, מת! אינני רוצה להרים ראשי, נדמה לי
                        כי כל הקירות, כל הכלים, כל הרהיטים פוערים פיות של זוועה למען ללחוש, לצעוק,
                        לנבוח, לרעום לי מלה אחת. מוות! בודד, לבדי, הנני בביתנו. ואַת אינך יכולה
                        לשער, אהובתי הזכּה, איזה חורבן סביבי ובלבּי פנימה. הרס! הכל מנופץ וחרב, איזה
                        דבר עבר שם שהכּה את הכּל שאִיה, הכל לרסיסים. את התאוות, את התקוות ואת
                        החלומות. ארבה זולל? סערה? שריפה? הרגע הראשון לא-כלום. מקבלים פצע. הימום. אבל
                        אחר, כשהפצע מתחיל לזוב ולהעלות כל מיני חלאה ומכאובים, אחר אפשר למדוד. לשבת
                        עכשיו בעיניים יבשות וליהגות. מת! אין תיקון, לנצח, די! צריך לעבוד, לחשוב,
                        לחיות, ללכת עם החיים ולהתלכלך, להיטמא, להישָפל. להיסחף עם הזרם, ואף פעם לא
                        לחשוב יותר: הנני חפשי! אצלול, אטבע! הזרם יסחַף. נבלָתי ולא גופי החולם לדרור,
                        הלוחם לחופש! אסור! אסור! אסור! מלה נוראה שרק עתה אני מבין שני מושגיה: אסור –
                        אינך רשאי! אסור – אינך חפשי! אסור למרוד, אסור למחוא, אסור להיחלץ, אסור אתה!
                        נורא! ואינני יכול לקבל את הדין באהבה, אני איני יכול. חדל-אונים אני לצבוע את
                        המצב בצבעי-תרמית יפים למען לחבּבו עלי. הכּאב הזה מתפתח לפי חוקי כל הכאבים
                        הגדולים. אם מורד אתה ומוציא כוחות ועצבים לנצח, אוי לך! הכאב מתמרמר, מתגבר,
                        גובר, מכניע, רומס. אם הנך פושט ידיך מבלי לכווץ אגרוף, סוגר עיניך מבלי לכווץ
                        עפעף, לאט, לאט מסכּין הינך, שוכח הינך, מתרגל וחי, ויום כי תקום וּלך רוח מעט
                        והתפלאת איזה דבר חסר? מה? אה, כן הכאב! הסכּינו אליו כאל השכן הרע שאי-אפשר
                        להיחלץ ממנו. כן, לחיות! למה שאיננו מוות אנו קוראים חיים. להסכין, להתרגל.
                        יום-יום ליַבּש עוד פינה קטנה בלב, יום-יום לשכוח מעט; ולהגיע פעם, באחד הימים
                        הרחוקים של העתיד הרחוק, של העתיד האורב כחיית-טרף לכולנו, לאותו המצב של
                        שפלוּת ושקט. מה חסר? מה? אה, כן! אבי! ובזכּרון יישאר אז רק זכּרון מטושטש ודל
                        של פרצופו הגשמי והרוחני של מי שחי ומת, ורק הד מוזר ובלתי-מובן של הצער הענקי
                        שיהיה אז "עבר!" שיכחה! ובפרט זה מענה אותי! הרגש שמוכרחים אנו לשכוח, שהסביבה,
                        החיים, הטבע, הכל, מכריחנו לעוולל הנורא הזה. "לא המתים יהללו יה ולא כל יורדי
                        דוּמה, ואנחנו נהלל יה מעתה ועד עולם, הללויה!" כמה אירוניה! כן, כך הוא. רוצים
                        לא למות? שיכחו המתים. לוּ ידעת איזה מלחמה, איזה התאבקות! הלא רק אתמול, רק
                        עתה. וכבר למען לזכור פרטים ידועים של הפּנים רץ אני אל התמונות... ותמונה מה?
                        האם לא מוות, האם לא תנועה קפואה, בלתי-משתנה? אבל מי יזכירני את החיים, את
                        הזיק, את הנשמה? מי? החיים כבר משפשפים את התמונה בלבי, למען מחקה, כמו שהמוות
                        מכרסם שם, בקבר. תחת האדמה... הגשם הראשון ירד היום. על הגבעה שהקימו המקבּרים
                        על קברו יצמחו עוד מעט עשבים ופרחים. רואה אני מפּה את פניו תחת הלוחות, תחת
                        האדמה, כמו שהיו בעת שירדו אליו בפעם האחרונה למען לסגור את עיניו. בוודאי
                        שוּנו כבר באופן נורא. עוד מעט והכל יתחיל לזוב, והכל יהיה רקבון, מוות! מוות!
                        עפר אתה ואל העפר תשוב! והפרחים והעשב יירדו באלפי שרשיהם והגיעו עד הגוף,
                        ונכנסו בעיניים, בפּה במוח, בבּשר, בעצמות, וזללו ושאבו, וטרפו את כל שארית
                        האדם, ומתוך המוות יבראו להם ירק, צבעים, פרחים, אביב, חיים. ושמש הקיץ תיבּשם,
                        ורוח הסתיו יזרֵם, וּזרעוּם מימי החורף לארבע כנפות השמיים, והלכו זרעיהם לברוא
                        חיים באשר יבראו... ומֵתי יהיה כלא היה... ולבי זועק, נקרע, בוכה, שותת דם.
                        ובכל-זאת אני נשאר חי, ומחר, בעוד שנה, שנתיים, יכבשוני החיים ורקדתי, ושרתי,
                        ואהבתי, ושכחתי. ובכל-זאת אוהב אני ומתענה עינויי-גיהנום? מי יחדור לתוך הרז
                        הזה, ירא אני להעמיק, לקרוע הצעיף, אפשר להשתגע, וגם זה אסור עכשיו!... * גלמוד
                        אני בבית הגדול. והוגה אני בך, מנחמת, אהובה שלי. הנה עיניך הבוכיות, שפתיך
                        הלוחשות, ידיך המלטפות, המיטה במקום בו התרפקתי עליך בתבערה הראשונה של פצעי.
                        ומחפש אני אותך, ושואף אני אליך. איך לדבר אליך, ילדתי החביבה? הנה החדר שרק
                        לפני פחות משנה פגשתיך בו, רחוקה, קרה, זרה. כמה רקדו אז פה. כמה אור, כמה
                        שמחה, כמה צעירוּת ותאוות-חיים. מנורה קטנה מאירה עתה על אי-הסדר ועל אֵבלי.
                        ואַת רחוקה. אבל כמה שוֹנה הכל. נולדת בשבילי בשנה הזאת, הינך קרובה, הינך חמה,
                        הינך שלי, קנין וכובשת גם יחד. אייך אהובתי?! חלומות חלמתי... להיות חזק לעוּף
                        למרומים לחוּגי השמש וספּירי הרקיע, וילדה קטנה בזרועותי, דבר קל כל-כך,
                        וזרועותי פשטתי אליך. ואני עוד חולם והסער מגיח וישבּר כנפי, ותקוותי הכּה
                        לארץ. וזרועותי עוד דבקים בך לחבּקך, אולם כנפיים כבר אין. וכבד אני כעופרת
                        ומכוער וזוחל כתולעה, ומכביד אני עליך ומחשיך עליך בצל עצבי, אֶבלי, ויגוני.
                        ובא אני עוד להכות על פּתחי לבבך: הבי ניחומים! הבי אור! אנוכיוּת מזוהמה!
                        ולבּי מכּני, מכּני. ואני אין-אונים. ומתרעם אני על היוֹשר המוחא, ונס אל
                        חוּבּך. ומה תכלית?! כנראה, רק האדמה הקרה משבּיחה את הסער, וכל זמן דם בגופות
                        הגופות נצמדים, כל זמן זיק בנשמות הנשמות מתלקחות, ותחבולות אין... ועוד יותר
                        אני קושר ותוקע מחשבתי בך, המו לוּ היה שמך איזה קמיע, סגולה רזית להתעודד. אֵי
                        לקחה חולשתך, ילדתי הנדיבה, את כוחה? כמה קטנה ופעוטה תאוות גופותינו הצעירים
                        מול העובדה הזאת... לא רק בכל גידי ודמי, שיהיו פעם בכל-אופן בוץ וחלאה, אני
                        אוהב את גופך שיהיה פעם לאֵפר. רוצה אני להתנחם בשקר זה, כי לרגעים אני מתרומם
                        לאהוב רק... הנני מתבייש לכתוב מלה זו, שהייתי כל-כך רוצה להאמין בהוויתה.
                        שלום, נשמתי. אבשלום </p>
                    <closer>
                        <signed>אבשלום</signed> שלום, נשמתי. </closer>
                </div>
            </body>
        </text>
    </TEI>
    <TEI xml:id="Samara22">
        <teiHeader>
            <fileDesc>
                <titleStmt>
                    <title><!-- ... --></title>
                    <author><!-- ... --></author>
                </titleStmt>
                <publicationStmt>
                    <p><!-- ... --></p>
                </publicationStmt>
                <sourceDesc>
                    <p><!-- ... --></p>
                </sourceDesc>
            </fileDesc>

            <profileDesc>
                <correspDesc>
                    <correspAction type="sent">
                        <persName>אבשלום</persName>
                        <settlement>חדרה</settlement>
                        <date when="1911-10-22">1911.10.22</date>
                    </correspAction>
                    <correspAction type="received">
                        <persName>רבקה</persName>
                        <settlement>חדרה</settlement>
                    </correspAction>
                </correspDesc>
            </profileDesc>
        </teiHeader>
        <text>
            <body>
                <div>
                    <dateline>
                        <placeName>חדרה</placeName>
                        <date>1911.10.22</date>
                    </dateline>
                    <salute>ילדת לבי האהובה,</salute>
                    <p> ילדת לבי האהובה, אינך משערת, אפרוחי הקט, כמה היכּני לבּי וכמה הצטערתי בשני
                        הימים האלה. לדעת כי הינך מחכּה, כי תתגעגעי, כי תצטערי – זה היה נסיון גדול
                        בעד סבלנותי... ולבי הלא הולך והולך בלי הרף אליך, ואני כל-כך חפצתי להיות
                        בקרבתך, חביבתי, כשהנני חושב כי אמנם כן, כי האפשרות ישנה עוד להתראות, כי אני
                        יכול עוד לאסרך בין זרועותי, לנשום אותך, לשים את הראש בחיקך, להיות לרגליך,
                        הנני עוצם את עיני, נדמה לי כי גלים נושאים אותי בחלום רחוק מול ארץ אחרת שאין
                        בה צער ומכאובים. נדמה לי כי חש אני את חוֹם חופתך היקרה, כי איזה לחישה אוהבת
                        שרה באזני, כי ריח שערותיך נודף באפּי. ושב אני בלי הפוגות אל החלום היקר
                        והאכזרי המקרב אותי אליך. קשה ומיותר לחפש את הסיבות שמנעוּני לנסוע. העייפוּת
                        ראשית ואחר איזה בושה, איזה פחד שאינני יודע לבארו. וגם, וזה היותר נורא, איזה
                        אינרציה, יותר נכון עוד négligence[32] כללית של הגוף ושל הנפש שתקפה אותי מעת
                        היותי פה. וגם לעשות יש מה. אמנם אינני עושה גדולות, זאת הינך מבינה בעצמך. אבל
                        יש מה לעשות. היתה לנו אסיפה נחוצה ונכבדה בליל-שבת וישבנו עד שלש. במוצאי שבת
                        (אתמול) עוד הפעם אסיפה. נוסף לזאת מסרו לי אתמול בצהריים מכתב (שהיה צריך עוד
                        להימסר שלשום בערב), והנני חושב אם לשוב ליפו או לא. אם אסע אז זה יהיה בלי ספק
                        רק ליום אחד. הנני מחכה הערב לבוא דודי (י. בלקינד), הוא יביא בלי ספק מכתב
                        ואולי גם פרטים אשר על-פיהם אוכל לשפוט יותר טוב את המצב. האמצעים לנצח, למה
                        שאַת חברי היקר, קוראת להתעודד, אינם מצליחים לעת-עתה. אתמול היה פה שמח: אהרן
                        סמסונוב חנך את ביתו החדש. אחרי בית-הכנסת הזמין אליו. אני לא הלכתי. בערב
                        נכנסתי לביקור יען שהנני עתה היחידי פה, ושהגברת היתה יכולה לחשוב כי זה בשל
                        יחסי אליה. ישבתי שם כחצי שעה וָאֵלך. אחרי האסיפה שבו לשם. הפצירו בי ללכת, לא
                        רציתי לפרוש מן הציבור שיאמרו כי את אֶבלי אני אוֹכף על כולם, וָאֵלך. ניסיתי
                        לשכוח. אַת בוודאי מצטחקת. שתיתי, שרתי, כמדומני צחקתי. אפילו כשקרבה אלי
                        בעלת-הבית ואמרה: לוּ היה הזקן, אז הלא הייתי רוקדת אתך וַלס, והפצירה ואמרה
                        שאיש לא יפגע בי (כמה אנשים נמוכים, ילדתי!...), רקדתי אתה. וכל הזמן הבטתי
                        אלי. לא אני שתיתי, שרתי היתה איזה מין נביחה שאחר צרח אותה. הצחוק צילצל באזני
                        כחרם שבור. איזה שוֹט סבב אותי כמו גלגלון. זה לא היה בכל-אופן ריקוד. ובלעדי
                        זאת הלא ראיתי כי כל האנשים הקרובים במעט (ווזלינסקי, ד"ר ברין, א. סמסונוב)
                        רצו להיות שמחים, לאכּוף את החדוָה, לשכוח גם הם. ואני חסתי עליהם. מיראַת העצב
                        והכּאב רוצים האנשים לשמוח. לא רציתי להעציב את בעלי-הבית שבּכו רק תמול אתי
                        יחד. אבל ראיתי כי בלב גם הם לא צוהלים. הזכירו את אבי. ואני ראיתי בדיוק את
                        פניו ותנועותיו ברגע הזה, שמעתי את בדיחותיו על הדור של היום שאינו יכול לשמוח,
                        מרגע לרגע עצמתי את עיני, וחשתי קור עובר בגבּי ובשרשי שערותי... שכבתי בשלש
                        וקמתי בחמש. וכך הולכים חיי. צרות כפי שהינך יודעת, ועוד יותר. וזאת רק ההתחלה.
                        עוד תבואנה, העיקר עוד לפני. את האינוונטר החמרי עוד לא עשיתי, ואת האינוונטר
                        הרוחני הינך יודעת יותר טוב ממני. אלף פעמים ביום אותה השאלה: מי יש לי עתה
                        בחיים? תיכף למען לא לימוֹט למען לא להתחרר וליבש בתוך הזוועה, אַת רבקה; ואחר
                        שנים-שלושה ידידים שלא ניסיתים. אלה כבר arrière plan[33]. ואֵם ואחות אשר אני
                        שייך לקניינם, לאינוונטר שלהם, שהן תצטרכנה לסמוך עלי... אַת רואה כי החשבון לא
                        שמח... אודות געגועים ועצב לא אַספר לך. עכשיו הנני מעט פחות לבדי. בא הנה
                        אברהם שניידר. את זוכרת אותו צעיר, אהובה של רחל טופורובסקי, ששתיתי אתו
                        "בּרוּדרשאפט" בראשון-לציון? הוא יעבוד פה מעתה. בשני הימים האלה היה חפשי וישב
                        אצלי כל הזמן. הוא משתדל לנחמני ולעודדני קצת. יש לו האופי, העבר וההווה
                        הנחוצים למען להבין אותי, וחושב אני כי הוא אוהב אותי. זה הכל. ביום החמישי
                        בוודאי כבר תבוא אמא. צלה כותבת. ילדה מסכנה... סגנונה וּכתבה מזכירים את
                        כתב-החרטומים. צריך הרבה כובד-ראש למען להבין. ביום הראשון הבא הנני מקווה
                        שאַת, אהובתי, ואולי גם שרה, תבואנה הנה להביא אִתכן קרן אורה לנו, הראשונה
                        שתיכּנס אל חורבננו. הייתי רוצה לשבּת, אבל יום הששי לא יספיק לאמא ולרחל להביא
                        די סדר פה למען קבּלכן. להתראות, אהובתי אין-קץ. הנני אוהבך, הנני מחבקך, הנני
                        מנשקך וכולי-וכולי עורג אליך, כמו את הווית חיי היותר ממשית. אבשלום שלום רב
                        לאמך ולאביך היקרים ותודה מעתירה על הזמנתם החביבה. אמרי להם כי להזמינני לא
                        צריך. כי גם אם לא ירצו אבוא עוד... plus souvent qu'â mon tour[34] אִמרי להם
                        כל תודותי ואהדתי. א. פ. </p>
                    <closer>
                        <signed>אבשלום</signed> הנני אוהבך, הנני מחבקך, הנני מנשקך וכולי-וכולי עורג
                        אליך, כמו את הווית חיי היותר ממשית. </closer>
                </div>
            </body>
        </text>
    </TEI>
    <!-- More TEI Documents -->
</teiCorpus>
