<?xml version="1.0" encoding="UTF-8"?>
<?xml-model href="http://www.tei-c.org/release/xml/tei/custom/schema/relaxng/tei_corpus.rng" type="application/xml" schematypens="http://relaxng.org/ns/structure/1.0"?>
<?xml-model href="http://www.tei-c.org/release/xml/tei/custom/schema/relaxng/tei_corpus.rng" type="application/xml"
	schematypens="http://purl.oclc.org/dsdl/schematron"?>
<teiCorpus xmlns="http://www.tei-c.org/ns/1.0">
     <teiHeader>
         <fileDesc>
             <titleStmt>
                 <title>title of corpus</title>
                 <author>author</author>
             </titleStmt>
	        <publicationStmt>
	           <p>Publication Information</p>
	        </publicationStmt>
	        <sourceDesc>
	           <p>Information about the source</p>
	        </sourceDesc>
         </fileDesc>
     </teiHeader>
     <TEI xml:id="Tomer1">
         <teiHeader>
             <fileDesc>
                 <titleStmt>
                     <title><!-- ... --></title>
                     <author><!-- ... --></author>
                 </titleStmt>
                 <publicationStmt>
                     <p><!-- ... --></p>
                 </publicationStmt>
                 <sourceDesc>
                     <p><!-- ... --></p>
                 </sourceDesc>
             </fileDesc>
             <profileDesc>
                 <correspDesc>
                     <correspAction type="sent">
                         <persName>אחד העם</persName>
                         <placeName>[אודיסא]</placeName>
                         <date when="1902-01-02"> 2 ינואר 902</date>
                     </correspAction>
                     <correspAction type="received">
                         <persName>אחיאסף</persName>
                         <placeName>[וורשא]</placeName>
                     </correspAction>
                 </correspDesc>
             </profileDesc>
         </teiHeader>
         <text>
             <body>
                 <div>
                     <opener>
                         <dateline>  2 ינואר 902</dateline> <placeName>אודיסא</placeName>
                         <salute>ל“אחיאסף”, וורשא 1 </salute>
                          
                     </opener>
                     <p>
                       
                                                 
                         היום קבלתי את הטלגרמא שלכם מאתמול ע“ד הסכמתם להצעתי האחרונה. בעיקר הדבר, כמובן, שבע רצון אני מזה, בתקותי כי עתה יעלה בידי לעשות את “השלח” למה שהוא צריך להיות ולמה שחפצתי לעשותו מראשית הוסדו ולא עלתה בידי, מפני ההכרח למלאות בכל חודש חוברת אחת ולהוציאה בחפזון. על דבר מכ”ע לתקופות כזה חלמתי עוד לפני הרבה שנים, בעת שלא הוצרכתי עוד לבקש מחיתי ממלאכה ספרותית, ולולא ירידתי החמרית שהתחילה אז, הייתי מוציא את המחשבה הזאת לפעולה זה כבר.
                         
                         ואולם לא אכחד מכם, כי המחיר הגדול שקצבתם גם על “השלח” וגם על “הדור” וגם על שניהם יחד – מביא דאגה בלבי, כי גם הפעם לא נצליח…. כמדומה לי, שלכל היותר צריכים אתם לקבוע את המחיר כך: “הדור – 6 רו”כ (כמקודם); “השלח”, בלי פורטא – 4 רו“כ, ועם פורטא – 4,50 רו”כ; שניהם ביחד – 9 רו“כ. אקוה, שתכתבו לי היום פרטי החלטתכם בטעמיה, אולי יש לכם איזה טעם בלתי ידוע לי. בכל אופן אבקשכם, שמיד בקבלכם מכתבי זה, תכתבו לי הכל בפרטות, למען אדע איך להתנהג. כי, כמו שתבינו מדעתכם, השנוי ב”השלח" ידרוש גם כן לשנות את יחוסי לסופרים שונים: אחדים מהם לא יוכלו עוד לעבוד עמי, ואחרים יצטרכו לעבוד עבודה יותר שלמה, ועלי לכתוב לכל אחד ע"ד יחוסו אל “השלח” לעתיד. ואולם כל זמן שלא נתקימה ההחלטה בכל פרטיה לא אוכל לכתוב לשום אחד, וכל המכתבים שבאו אלי בשבוע זה מונחים באמתחתי ולא אוכל להשיב עליהם עד שאדע איך יפול דבר…..
                         
                     </p>
                 </div>
             </body>
         </text>
     </TEI>
     <TEI xml:id="Tomer2">
         <teiHeader>
             <fileDesc>
                 <titleStmt>
                     <title><!-- ... --></title>
                     <author><!-- ... --></author>
                 </titleStmt>
                 <publicationStmt>
                     <p><!-- ... --></p>
                 </publicationStmt>
                 <sourceDesc>
                     <p><!-- ... --></p>
                 </sourceDesc>
             </fileDesc>
             <profileDesc>
                 <correspDesc>
                     <correspAction type="sent">
                         <persName>אחד העם</persName>
                         <placeName>[אודיסא]</placeName>
                         <date when="1902-01-14"> 14 ינואר 902</date>
                     </correspAction>
                     <correspAction type="received">
                         <persName>ש. פ. רבינוביטש (שפ"ר)</persName>
                         <placeName>[וורשא]</placeName>
                     </correspAction>
                 </correspDesc>
             </profileDesc>
         </teiHeader>
         <text>
             <body>
                 <div>
                     <opener>
                     <dateline>  14 ינואר 902</dateline> <placeName>אודיסא</placeName>
                         <salute>למר ש. פ. רבינוביטש (שפ"ר), וורשא</salute>
                     
                     </opener>
                     <p>
                         
                        
                       
                         …. בדבר “השלח” ו“הדור” הלא שמעת כבר בודאי, כי ההחלטה האחרונה נתבטלה, והדבר נשאר כשהיה, היינו, ש“הדור” חדל מלצאת, ו“השלח” יוסיף לצאת אחת לחודש, ואני אהיה עורכו, כמקודם. רק השנוי הזה נעשה בו, כי תקון כתבי היד נמסר מעתה לאחד הסופרים פה, ואני אהיה רק “עומד על גביו” ומשגיח על זה השגחה כללית. לפי הסדר הזה, הנני מוכרח להודיעך בדאבון לב, כי לא אוכל עוד לעתיד למסור לך כתיבת ה“השקפה”. אתה ידעת, כמה הייתי עמל בכל חודש ליתן לה הצורה הנאותה לדעתי, ואחר כל העמל, ידוע לי ברור, כי לא היתה דעת הקוראים נוחה הימנה, ומה גם עתה, שיהיה תקונה מסור בידי סופר אחר, אשר בודאי לא יחפוץ לעמול בה כמוני. – לעת עתה לא אדע עוד למי אמסרנה. אפשר שאקבל את העבודה עלי בעצמי, ואפשר שאבטל מחלקה זו לגמרי.
                         
                         ואתה, ידידי, בודאי לא תעזוב בשביל זה את “השלח” ותכתוב למענו איזה מאמר הסטורי שיש לקוראי “השלח” חפץ בו.
                         
                     </p>
                 </div>
             </body>
         </text>
     </TEI>
         
    <TEI xml:id="Tomer3">
        <teiHeader>
            <fileDesc>
                <titleStmt>
                    <title><!-- ... --></title>
                    <author><!-- ... --></author>
                </titleStmt>
                <publicationStmt>
                    <p><!-- ... --></p>
                </publicationStmt>
                <sourceDesc>
                    <p><!-- ... --></p>
                </sourceDesc>
            </fileDesc>
            <profileDesc>
                <correspDesc>
                    <correspAction type="sent">
                        <persName>אחד העם</persName>
                        <placeName>[אודיסא]</placeName>
                        <date when="1902-01-16"> 28 ינואר 902</date>
                    </correspAction>
                    <correspAction type="received">
                        <persName>ד"ר ש. ברנפלד</persName>
                        <placeName>[ברלין]</placeName>
                    </correspAction>
                </correspDesc>
            </profileDesc>
        </teiHeader>
        <text>
            <body>
                <div>
                    <opener>
                        <dateline>  16 ינואר 902</dateline> <placeName>אודיסא</placeName>
                        <salute>לד"ר ש. ברנפלד, ברלין.</salute>                        
                        
                    </opener>
                    <p>
                                                
                                                
                        גם אלמלא קבלתי אתמול את אגרתך מן 11 ח“ז הייתי כותב לך עתה. כי שתיקתי עד היום היתה לה סבה פשוטה: חפצתי להודיעך הרשות בידכם, אבל לחוות לכם דעתי ע”ד בחירת המאמרים לא אוכל, באשר לא אדע היטב את הקהל אשר אליו אתם פונים, את טעמו וצרכיו הרוחניים והלאומיים, והנני חושב, כי על כל אלה תוכלו אתם לשפוט, ולא אני, ובזה הלא תלוי דבר בחירת החומר. ואולם בקשתך ע“ד ההקדמה אשתד למלאות, כאשר תודיעוני רשימת המאמרים שיבואו בקובץ זה, למען אדע את הנושא העיקרי שאוכל לדבר עליו בקדמתי. אך אעירך על הקדמתי החדשה, שנתתי עתה ב”על פרשת דרכים" מהדורה שניה (הספר נמצא בידי ד"ר פרידלֶנדר), אולי תמצאו, שאפשר להסתפק בה גם לההוצאה האשכנזית. בכל אופן עדיין יש זמן לעיין בזה, כי ההקדמה תודפס לבסוף, במספרים רומאים, כנהוג.
                        
                        לא אוכל כמו כן ליעצכם ע"ד הספרים הנאותים להוצאתכם, אחר כי אין לי מושג נכון מן הפרוגרמא שלכם, ובכלל – מה הן המטרות הקרובות שהצבתם למפעלכם. אולי יתברר לי הדבר, בקבלי את הפרוספקט שלכם, ואז, אם יהיה לי איזה דבר להעירכם, לא אמנע, כמובן, מעשות כן.
                        
                        ובדבר הקובץ אשר תאמרו להוציא על אדות שאלת הקולטורא העברית, מוצא אני את הרעיון מצד עצמו טוב מאד, וממילא מובן, כי אחשוב לי לחובה למלאות בקשתכם בנוגע להמאמר. אבל לע"ע הנני עמוס כל כך בטרדות רבות, עד שלא אוכל בשום אופן לגשת אל העבודה הזאת תיכף, ובעל כרחי אהיה מן המאחרים לבוא. הואילה נא, אדוני, להודיעני את הזמן האחרון, שבו תאמרו להוציא את הקובץ, ואשתדל עד אז לכתוב בשבילכם איזה מאמר קטן על השאלה הזאת, אם על כללותה או על איזו מפרטיה. ואולם עד שאגש אל המלאכה, לא אדע לא את נושא המאמר בדיוק ולא את שמו….לד"ר ש. ברנפלד, ברלין.
                        
                    </p>
                </div>
            </body>
        </text>
    </TEI>
    
    <TEI xml:id="Tomer4">
        <teiHeader>
            <fileDesc>
                <titleStmt>
                    <title><!-- ... --></title>
                    <author><!-- ... --></author>
                </titleStmt>
                <publicationStmt>
                    <p><!-- ... --></p>
                </publicationStmt>
                <sourceDesc>
                    <p><!-- ... --></p>
                </sourceDesc>
            </fileDesc>
            <profileDesc>
                <correspDesc>
                    <correspAction type="sent">
                        <persName>אחד העם</persName>
                        <placeName>[אודיסא]</placeName>
                        <date when="1902-01-28"> 28 ינואר 902</date>
                    </correspAction>
                    <correspAction type="received">
                        <persName>מר י. איינשטדט</persName>
                        <placeName>[יפו]</placeName>
                    </correspAction>
                </correspDesc>
            </profileDesc>
        </teiHeader>
        <text>
            <body>
                <div>
                    <opener>
                        <dateline>  , 28 ינואר 902 (כ' שבט תרס"ב).</dateline> <placeName>אודיסא</placeName>
                        <salute>  למר י. אייזנשטַדט, יפו.</salute>                        
                        
                    </opener>
                    <p>

                        
                        …את מכתביך לעפשטיין 3), כמובן, מסרתי לו, ומצדי אומַר לך, כי תמימות יתרה היא מצדך, שאתה מתעצב כל כך על דבר הפרוטוקולים והמכתבים של הועד, שלא נכתבו בסגנון הראוי לפי כבודך. וכי אינך יודע מי כותב הפרוטוקולי והמכתבים ועד כמה חפשי הוא המזכיר בזה? וכי חושב אתה באמת, כי ראש הועד יושב ומתבונן בכובד ראש בסגנונו של כל מכתב המוגש אליו לחתום שמו עליו? יכתבו וידפיסו בסגנון שהם רוצים, ואם יגיע הדבר לידי כך, שיפטרוך ממשמרתך באמת, הנני מקוה, כי לא יפטרוך בקלות דעת, מבלי שידאגו לך באיזה אופן שיהיה, שתוכל למצוא פרנסתך לעתיד.
                        
                        בנוגע להצעתך, שאקבל עלי משרת ראש הועד 4), אין לי צורך להרבות דברים, כי באמת שמועת שוא שמעת, ואין פה עתה כמעט איש אשר יחשוב להציע לפני את הדבר. אדרבא, כמדומה לי, שכל אנשי הועד חושבים אותי עתה לבלתי הגון לכך (אחר ההשקפות שהצעתי לפניהם על הישוב ויחס הועד אליו), ורובם מאמינים, כי אך אגרונום יוכל להציל את הישוב. ובכן הלא אחת היא, מה אחשוב אני על זה.למר י. אייזנשטַדט, יפו.
                        
                        אודיסא, 28 ינואר 902 (כ' שבט תרס"ב).
                        
                        …את מכתביך לעפשטיין 3), כמובן, מסרתי לו, ומצדי אומַר לך, כי תמימות יתרה היא מצדך, שאתה מתעצב כל כך על דבר הפרוטוקולים והמכתבים של הועד, שלא נכתבו בסגנון הראוי לפי כבודך. וכי אינך יודע מי כותב הפרוטוקולי והמכתבים ועד כמה חפשי הוא המזכיר בזה? וכי חושב אתה באמת, כי ראש הועד יושב ומתבונן בכובד ראש בסגנונו של כל מכתב המוגש אליו לחתום שמו עליו? יכתבו וידפיסו בסגנון שהם רוצים, ואם יגיע הדבר לידי כך, שיפטרוך ממשמרתך באמת, הנני מקוה, כי לא יפטרוך בקלות דעת, מבלי שידאגו לך באיזה אופן שיהיה, שתוכל למצוא פרנסתך לעתיד.
                        
                        בנוגע להצעתך, שאקבל עלי משרת ראש הועד 4), אין לי צורך להרבות דברים, כי באמת שמועת שוא שמעת, ואין פה עתה כמעט איש אשר יחשוב להציע לפני את הדבר. אדרבא, כמדומה לי, שכל אנשי הועד חושבים אותי עתה לבלתי הגון לכך (אחר ההשקפות שהצעתי לפניהם על הישוב ויחס הועד אליו), ורובם מאמינים, כי אך אגרונום יוכל להציל את הישוב. ובכן הלא אחת היא, מה אחשוב אני על זה. 
                    </p>
                </div>
            </body>
        </text>
    </TEI>
    
        <TEI xml:id="Tomer5">
        <teiHeader>
            <fileDesc>
                <titleStmt>
                    <title><!-- ... --></title>
                    <author><!-- ... --></author>
                </titleStmt>
                <publicationStmt>
                    <p><!-- ... --></p>
                </publicationStmt>
                <sourceDesc>
                    <p><!-- ... --></p>
                </sourceDesc>
            </fileDesc>
            <profileDesc>
                <correspDesc>
                    <correspAction type="sent">
                        <persName>אחד העם</persName>
                        <placeName>[אודיסא]</placeName>
                        <date when="1902-01-16"> 28 ינואר 902</date>
                    </correspAction>
                    <correspAction type="received">
                        <persName>ד"ר ש. ל</persName>
                        <placeName>[יקַטרינוסלב]</placeName>
                    </correspAction>
                </correspDesc>
            </profileDesc>
        </teiHeader>
        <text>
            <body>
                <div>
                    <opener>
                        <dateline>  16 ינואר 901</dateline> <placeName>אודיסא</placeName>
                        <salute>לד"א ש. לֶווין, יקַטרינוסלב.</salute>
                       
                        
                    </opener>
                    <p>
                        שנה שלמה עברה מאז הבטחתני הבטחות שונות… אני לא הזכרתיך, ואתה לא נזכרת, וההבטחות היו כלא היו! – אך לא להזכירך עונות ראשונים מגמתי בזה, כי אם להציע לפניך הצעה חדשה, אולי תיטב בעיניך יותר מן הראשונות.
                        
                        ההשקפה הכללית ב“השלח” היה כותב עד עתה מר שפ“ר, כידוע לך. איך כתב, וכמה הייתי עמל בכל חודש לתת להשקפתו איזו צורה ספרותית – זהו מסודות הרידקציא שאין מגלים אותם לאחרים. אבל עתה, לשנה החדשה, לא יכלתי עוד לקבל על עצמי את הטורח הזה, מסבות שונות, והודעתי למר שפ”ר, כי פטור הוא מעבודתו זו. ובכן נשארה ה“השקפה” בלי “משקיף”. השאר הל תבין מדעתך: הנני מציע לפניך, שתקבל אתה על עצמך את העבודה הזאת. הלא אוהב אתה להיות “מטיף” דברי מוסר לעם, ואם יקָרה לך במתך לפני עדתך, כל שכן שתיקר בעיניך במה גדולה לעיני כל ישראל! הן בודאי קורא אתה מכה“ע הרוסים, העברים והאשכנזים, וגם משרתך נותנת לך יכולת להתבונן מקרוב אל חיי העם ו”להתענין" (כמו שאומרים “הצעירים”) בכל ענפי חיי העדות, החברות ובתי הספר, ועל דבר הציוניות וישוב א"י הלא בודאי תקרא ותחשוב מחשבות, – והרי בידך כל החומר הדרוש, בשביל לכתוב השקפה כללית לא גדולה (כחצי גליון) בכל חודש.
                        
                        ואולם מדעתך הלא תבין, כי שונָה היא עבודה זו משאר העבודות שקבלת עליך בשנה שעברה. אם הבטחת לכתוב ע"ד סולוביוב ולא כתבת, אין הדבר נורא ביותר. אבל ההקשפה היא עבודה של חובה, מחלקה קבועה הבאה כמעט בכל חוברת, ועל כן עליך להתישב בדבר מראש, ואם תאמר “הן”, אז עליך לדעת, כי קבלת עליך חוב תמידי שאין לך רשות להבטל ממנו עד סוף השנה, כדי שלא תביאני במבוכה. בכל אופן, אם “הן” או “לאו”, השיבני נא בהקדם, למען אדע מה לעשות 5).                          
                                             
                    </p>
                </div>
            </body>
        </text>
    </TEI>
    
        <TEI xml:id="Tomer6">
        <teiHeader>
            <fileDesc>
                <titleStmt>
                    <title><!-- ... --></title>
                    <author><!-- ... --></author>
                </titleStmt>
                <publicationStmt>
                    <p><!-- ... --></p>
                </publicationStmt>
                <sourceDesc>
                    <p><!-- ... --></p>
                </sourceDesc>
            </fileDesc>
            <profileDesc>
                <correspDesc>
                    <correspAction type="sent">
                        <persName>אחד העם</persName>
                        <placeName>[אודיסא]</placeName>
                        <date when="1902-01-29"> 29 ינואר 902</date>
                    </correspAction>
                    <correspAction type="received">
                        <persName>מר ז. סוסקין</persName>
                        <placeName>[זכרון יעקב]</placeName>
                    </correspAction>
                </correspDesc>
            </profileDesc>
        </teiHeader>
        <text>
            <body>
                <div>
                    <opener>
                        <dateline>   29 ינואר 902. </dateline> <placeName>אודיסא</placeName>
                        <salute>   לד"ר ז. סוסקין, זכרון יעקב. </salute>                        
                        
                    </opener>
                    <p>
                        לד"ר ז. סוסקין, זכרון יעקב.
                        
                        (תרגום מרוסית)
                        
                        אודיסא, 29 ינואר 902.
                        
                        בשבועות האחרונים הייתי עמוס כל כך בעבודה עד שהוכרחתי לצמצם ככל האפשר את הקורספונדנציה הגדולה שלי (זמן מה לא הייתי בביתי), ועל כן לא עניתיך על מכתבך הנכבד במועדו. ומה אענה עתה? בודאי ידעת מתוך כה“ע, שבעת המו”מ של הועד ע"ד שאלת "דורשי ציון 6), הצעתי לטובת החברה כל אותם הטעמים שאתה מזכיר במכתבך. אבל הועד מצא, שגם העזרה הראשונה היתה שגיאה, ועל כן החליט בשלילה. זה, כמובן, מתנגד אל ההגיון, והמעשים סותרים זה את זה. אבל מי ידרוש התאמת המעשים מאת מוסד כזה, שאין לו יסודות קבועים והוא תמיד מתנועע לכל רוח?
                        
                        מאמריך במכ"ע “וועלט” אני קורא. זכורני, שחפצתי להשיב על איזו מן ההשקפות שהבעת (כמדומני, ביחד עם ד"ר יפה), ולא עשיתי כן רק מחוסר זמן פנוי….
                        
                        על אדותי אין לי מה להודיעך. אנוס אני לעבוד הרבה, ופרי בעמלי איני רואה לע"ע. אני חושב לפרסם בקרוב המשך מאמרַי על ארץ ישראל. אמנם, חלק גדול מן החומר שבידי כבר נתישן. אבל מסקנותי הכלליות, כמדומה לי, לא נתבטלו על ידי מהלך הענין מאז ועד עתה. ואולם עדיין לא ידעתי בבירור, אם יעלה בידי לכתוב את המאמרים האלה.
                            
                    </p>
                </div>
            </body>
        </text>
    </TEI>
    
    <TEI xml:id="Tomer7">
        <teiHeader>
            <fileDesc>
                <titleStmt>
                    <title><!-- ... --></title>
                    <author><!-- ... --></author>
                </titleStmt>
                <publicationStmt>
                    <p><!-- ... --></p>
                </publicationStmt>
                <sourceDesc>
                    <p><!-- ... --></p>
                </sourceDesc>
            </fileDesc>
            <profileDesc>
                <correspDesc>
                    <correspAction type="sent">
                        <persName>אחד העם</persName>
                        <placeName>[אודיסא]</placeName>
                        <date when="1902-02-04"> 2 פברואר 902</date>
                    </correspAction>
                    <correspAction type="received">
                        <persName>[]</persName>
                        <placeName>[ברלין]</placeName>
                    </correspAction>
                </correspDesc>
            </profileDesc>
        </teiHeader>
        <text>
            <body>
                <div>
                    <opener>
                        <dateline>  4 פברואר 902  </dateline> <placeName>ווינא</placeName>
                        <salute>לכבוד הועד הפועל של הקונגס הציוי, ווינא</salute>                        
                        
                    </opener>
                    <p>

                        
                        במכתבכם הנכבד מן 27 ינואר אינני מוצא דבר אחד שנודע לי מתוך כתבי העת, והוא: שבחירתי לועד הקולטורי נעשתה ע“י הקונגרס בתנאי, אם מקיים אני את ה”אני מאמין" הציוני שלי על ידי תשלומי השקל בכל שנה. אם הדבר באמת כך, הנה מוכרח אני, לצערי, להטיל ספק בכשרות בחירתי. כי באמת אינני משלם את השקל בקביעות. אמרתי “בקביעות”, מפני שאין לי דעה קבועה לא בעד תשלום השקל ולא נגדו. כי אינני רואה בו סימן למסירותו של האדם אל הציוניות, אחר כי מצד אחד הנה הבאתי קרבנות יותר גדולים מן השקל על מזבח הציוניות עוד בטרם היה זה לדבר קבוע ועומד, ומד אחר יודע אני הרבה ממשלמי השקל שאינני יכול לחשבם לציונים. ועל כן הנני משלם את השקל רק אז, כשאחד ממאספיו בא אלי ומבקשני לעשות כן. וכך היה הדבר באמת נוהג לפני שנים, אך לא בעת האחרונה.
                        
                        מן האמור יתברר לכם, כי עושה אני רק מה שחובתי לעשות, כשמסרב אני לקבל את בחירתי עד שתחליטו אתם בעצמכם, אם בתנאים אלו אפשר להכשיר את הבחירה הזאת.
                      
                    </p>
                </div>
            </body>
        </text>
    </TEI>
     <!-- More TEI Documents -->
</teiCorpus>
