<?xml version="1.0" encoding="UTF-8"?>
<?xml-model href="http://www.tei-c.org/release/xml/tei/custom/schema/relaxng/tei_corpus.rng" type="application/xml" schematypens="http://relaxng.org/ns/structure/1.0"?>
<?xml-model href="http://www.tei-c.org/release/xml/tei/custom/schema/relaxng/tei_corpus.rng" type="application/xml"
	schematypens="http://purl.oclc.org/dsdl/schematron"?>
<teiCorpus xmlns="http://www.tei-c.org/ns/1.0">
     <teiHeader>
         <fileDesc>
             <titleStmt>
                 <title>title of corpus</title>
                 <author>author</author>
             </titleStmt>
	        <publicationStmt>
	           <p>Publication Information</p>
	        </publicationStmt>
	        <sourceDesc>
	           <p>Information about the source</p>
	        </sourceDesc>
         </fileDesc>
     </teiHeader>
     <TEI xml:id="MyTextNumber1">
         <teiHeader>
             <fileDesc>
                 <titleStmt>
                     <title><!-- ... --></title>
                     <author><!-- ... --></author>
                 </titleStmt>
                 <publicationStmt>
                     <p><!-- ... --></p>
                 </publicationStmt>
                 <sourceDesc>
                     <p><!-- ... --></p>
                 </sourceDesc>
             </fileDesc><profileDesc><correspDesc xml:id="message1">
                 <correspAction type="sent">
                 <persName>אבשלום פיינברג</persName>
                 <placeName>אלכסנדריה</placeName>
                 <date when="1915-09-26">26.09.1915</date>
             </correspAction>
                 <correspAction type="received">
                     <persName xml:id="JTH">רבקה אהרונסון</persName>
                     <placeName>זכרון יעקב</placeName>
                 </correspAction>
             </correspDesc>
                 <correspDesc xml:id="message2">
                     <correspAction type="sent">
                         <persName>Enid Neihardt</persName>
                         <placeName>Branson (Montgomery)</placeName>
                         <date when="1932-12-17"/>
                     </correspAction>
                     <correspAction type="received">
                         <persName sameAs="#JTH"/>
                         <placeName>New York</placeName>
                     </correspAction>
                 </correspDesc>
                 <correspDesc></correspDesc></profileDesc>
         </teiHeader>
         <text>
             <body>
                 <div>
                     <p>1915
                         
                         אלכסנדריה, 26.9.1915
                         
                         ילדתי החביבה,
                         
                         מה להגיד לך? הלא מבינה את יחידתי היחידה כי כל מה שהנני כותב לכל אחד מכּם הוא בשביל כולכם. עליכם לזכור רק שאתם שלושה ואני אחד, ולעשות את חובתכם.
                         
                         מדוע נסעתי? את זאת הלא תביני יותר טוב מכולם. הלא יודעת אַת – ואולי רק אַת – כמה אני אוהב את אהרן. אולם מעולם לא תחושי זאת כמו שחשתי מעת שאתם נסעתם. ילד מסכן אהרעלע! מוח של גאון, מרץ של בריונים, אופי של גבורה ולב של ילד, של תינוק ממש, ומי לו עכשיו? כל האמהות הלכו להן אשה-אשה לדרכה. האֵם הטובה, האֵם היחידה, השמיימה, אמא-שרה אל אָשרה, אמא-רבקה אל הבלתי-ידוע, ולראותו איך נשאר לבדו, חולם גלמוד ומתגעגע, קרע באמת את לבּי לגזרים. האמיני לי, יודע אני כי חוטא הנני בכתבי לך את הדברים האלה, אבל גם אני העשת, גם אני חרר-העיניים, הנני מֵימֵר כבאֵבל מדי דבּרי בו. ובעת שכל אחד מאִתנו יכל לָציץ החוצה לדעת האמת, לחשוב, לקוות, יושב האסיר המסכּן הזה כעיור באפלה, בלי ידיעות, בלי חדשות, בלי קריאות.
                         
                         לא, אינני רוצה!
                         
                         רוצה אני שיהיה די כסף בקוּפה למען שיוכל הוא לבזבז אלף פרנק בשעת הצורך, רוצה אני שיידע את המצב הכללי בדיוק, יען כי במוחו תצמחנה המחשבות הגדולות ביום הצורך. רוצה אני שמוחו יעבוד על ידיעות ברורות ולא על השערות בעלמא, ולא יטחן מים.
                         
                         מי יַשקני מַים מבית-לחם-יהודה?
                         
                         ואני חש כי הנני בנוי בכל-זאת באותו החומר שיודע לבקע אויב, לשאוב מן המעיין הטוב, ולשוב. ואם לא אני – מי?!
                         
                         עשינו את החשבון של אלה שהלכו.
                         Partir c’est mourir un peu
                         
                         Mourir àtout ce que l’on aime,
                         
                         En tout temps, en tout lieu
                         
                         On laisse un peu de soi-m ême.
                         
                         Et l’on part, et c’est un jeu,
                         
                         Partit c’est mourir un peu…115
                         
                         ומי נשאר לאהוב את הילד הגדול?
                         
                         אבא; אבא מסכן, זקן, מתאבל, מתגעגע.
                         
                         ידידיה; 116 ידידיה מאושר; אוהב את “הדוד הגדול” באינסטינקט הטהור שלו – ותו לא; ואני; ואני מוכרח למלאות חובתי</p>
                 </div>
             </body>
         </text>
     </TEI>
     <TEI xml:id="MyTextNumber2">
         <teiHeader>
             <fileDesc>
                 <titleStmt>
                     <title><!-- ... --></title>
                     <author><!-- ... --></author>
                 </titleStmt>
                 <publicationStmt>
                     <p><!-- ... --></p>
                 </publicationStmt>
                 <sourceDesc>
                     <p><!-- ... --></p>
                 </sourceDesc>
             </fileDesc>
         </teiHeader>
         <text>
             <body>
                 <div>
                     <p><!-- ... --></p>
                 </div>
             </body>
         </text>
     </TEI>
     <!-- More TEI Documents -->
</teiCorpus>
